order_id,type_return,cost_price
87268274,Заказ,109.72
87269715,Заказ,7968.18
87270311,Заказ,123.22
87270763,Заказ,420.86
87271889,Заказ,235.71
87272484,Заказ,124.69
87274585,Заказ,124.69
87275623,Заказ,107.26
87276523,Заказ,98.62
87276719,Заказ,124.69
87277145,Заказ,210.43
87277447,Заказ,120.92
87278132,Заказ,111.02
87312071,Заказ,120.92
89297741,Заказ,108.4
89315354,Заказ,2129134
89321176,Заказ,8396189
89321619,Заказ,5008880
89337424,Заказ,270.8
89345738,Заказ,41493127.5
89347604,Заказ,22264605
89348583,Заказ,566988
89350227,Заказ,243.08
89350905,Заказ,611400
89361862,Заказ,24266000
89363375,Заказ,2599391.55
89363562,Заказ,2220671
89372329,Заказ,1278.16
89372460,Заказ,12915087.15
89373649,Заказ,4048110
89376018,Заказ,378815
89377473,Заказ,39493319
89378899,Заказ,128.25
89379151,Заказ,129.07
89380523,Заказ,7398.24
89380939,Заказ,252.94
89381121,Заказ,6672453.9
89381690,Заказ,116.04
89382151,Заказ,1055.47
89384553,Заказ,10283382.34
89384747,Заказ,2234082
89387521,Заказ,171403635.46
89388200,Возврат/Закупка,-31200000
89388857,Заказ,385000
89389105,Заказ,13700000
89389725,Заказ,3000000
89390956,Заказ,2669553.8
89391359,Заказ,40211030
89391665,Заказ,8001763.57
89393593,Заказ,14998533.73
89394800,Заказ,31752000
89395481,Заказ,102400
89396257,Заказ,55633918.11
89396840,Заказ,305000
89398433,Заказ,319.67
89398652,Заказ,65.6
89398856,Заказ,65.6
89399549,Заказ,1806034
89404332,Заказ,246.86
89404561,Заказ,303.39
89404788,Заказ,7001501.32
89405793,Заказ,3740313
89406181,Заказ,1930.4
89406495,Заказ,820.46
89406898,Заказ,6478193.04
89419873,Заказ,224829041.23
89422004,Заказ,180459454.33
89422146,Заказ,126300
89422439,Заказ,79.41
89422601,Заказ,
89422824,Заказ,2529468
89423103,Заказ,35657849
89424343,Заказ,61900
89424652,Заказ,4605221.25
89424801,Заказ,863.4
89424952,Заказ,129.07
89425338,Заказ,81474104.72
89426628,Заказ,27552636
89429411,Заказ,20572980.21
89436800,Возврат/Закупка,-453690.27
89437096,Возврат/Закупка,
89437566,Возврат/Закупка,-1008074
89438076,Возврат/Закупка,-2186265.95
89438294,Возврат/Закупка,-3182936
89438610,Возврат/Закупка,-3173683.2
89439032,Возврат/Закупка,-38252920
89492469,Заказ,5348.49
89601041,Заказ,13099296
89601121,Заказ,8369317
89601323,Заказ,321.98
89601416,Заказ,7938000
89601666,Заказ,35912849
89601715,Заказ,18234720
89601862,Заказ,458.56
89642255,Заказ,138072
89655256,Заказ,117.9
89687091,Заказ,35950000
89692048,Заказ,122.04
89698394,Заказ,425000
89702016,Заказ,10350144
89705207,Заказ,5275649.56
89709328,Заказ,3811600
89711215,Заказ,39467870.4
89712396,Заказ,398406.4
89717381,Заказ,420464.95
89717867,Заказ,54000
89718685,Заказ,1176585
89720563,Заказ,140039.38
89721913,Заказ,2252998
89728699,Заказ,4376477.4
89751372,Заказ,198000
89752026,Заказ,494300
89761618,Заказ,810460
89765011,Заказ,626600
89768068,Заказ,531303.4
89768994,Заказ,1126400
89769541,Заказ,62795150
89769817,Заказ,620.87
89770806,Заказ,996240
89771377,Заказ,10387786
89771792,Заказ,
89784362,Заказ,1605000
89799277,Заказ,6924238.7
89901663,Заказ,911.18
89963268,Заказ,444.2
89980243,Заказ,5230.31
89990410,Заказ,3365000
90001457,Заказ,2360064
90006125,Заказ,620.87
90017413,Заказ,293690
90018116,Заказ,891056
90024240,Заказ,10765417.6
90044239,Заказ,803.19
90054777,Заказ,20480804
90063001,Заказ,5337449.6
90064466,Заказ,477110
90067768,Заказ,2600000
90120706,Заказ,8280115.2
90124553,Заказ,5504.29
90133866,Заказ,609.64
90158339,Заказ,102210
90164683,Заказ,2515100
90198295,Заказ,1167.75
90212523,Заказ,43087390.98
90214329,Возврат/Закупка,-2741492.62
90220489,Заказ,48823535.51
90221878,Заказ,3459522
90310525,Заказ,2023200
90368031,Заказ,426.69
90369066,Заказ,1288.63
90405830,Заказ,4670076.8
90407579,Заказ,493.72
90424267,Заказ,121.6
90440997,Заказ,127.04
90773938,Заказ,3.08
90783048,Заказ,250000
90784019,Заказ,65.6
90784709,Заказ,120.12
90800214,Возврат/Закупка,-536030
90800485,Возврат/Закупка,-767020.8
90800819,Возврат/Закупка,-428824
90821516,Заказ,835.76
90830038,Заказ,3271940
90852364,Заказ,34294.64
90852531,Возврат/Закупка,-3000000
90901939,Возврат/Закупка,-310662
90917234,Заказ,9440256
90925141,Заказ,15762
90934224,Заказ,74621640
90935430,Заказ,173700
90936413,Заказ,15081917.76
91291817,Заказ,174000
91327364,Заказ,216.63
91338351,Заказ,12304800
91362373,Заказ,449411.2
91363206,Заказ,1136600
91373576,Заказ,5206970.16
91373582,Заказ,13066547.76
91387121,Заказ,108.74
91399880,Заказ,3432000
91401073,Заказ,80415580
91472172,Заказ,5488410.63
91480483,Заказ,127.54
91495856,Заказ,102000
91496152,Заказ,2281195
91530216,Заказ,7223689.6
91550799,Возврат/Закупка,-31875455.51
91553971,Заказ,1044349.15
91554584,Возврат/Закупка,-565689.15
91555181,Возврат/Закупка,-2044015.2
91555789,Возврат/Закупка,-1487750.6
91556383,Возврат/Закупка,-321567.97
91556645,Возврат/Закупка,-345826.6
91556809,Возврат/Закупка,-232763
91556936,Возврат/Закупка,-25000
91560927,Заказ,131.34
91588535,Возврат/Закупка,-6360
91604147,Заказ,160135
91605038,Возврат/Закупка,-152562
91736923,Заказ,8708153.95
91747364,Заказ,102025480.18
91823966,Заказ,37674658.35
91883911,Заказ,113.92
91903464,Заказ,254.07
91905931,Заказ,80.33
91907885,Заказ,113.12
91907920,Заказ,113.12
91907935,Заказ,58.73
91907960,Заказ,246.86
91908004,Заказ,552.96
91908017,Заказ,116.04
91908030,Заказ,58.73
91908044,Заказ,130.82
91908089,Заказ,58.73
91908101,Заказ,78.16
91912118,Заказ,147.9
91912143,Заказ,54.29
91912161,Заказ,39.32
91912226,Заказ,93.61
91912484,Возврат/Закупка,-835.76
91912544,Возврат/Закупка,-1288.58
91912561,Возврат/Закупка,-1167.7
91912904,Возврат/Закупка,-58.73
91913215,Возврат/Закупка,-216.64
91913223,Возврат/Закупка,-210.43
91914023,Возврат/Закупка,-113.12
91915697,Заказ,255.07
91918713,Заказ,131.46
91924448,Заказ,9673520
91930946,Заказ,1834840
91936611,Возврат/Закупка,-231000
91937053,Возврат/Закупка,-451600
91937450,Возврат/Закупка,-400308.6
91937938,Заказ,1347200
91954226,Заказ,199110.4
92239550,Заказ,116.04
92267466,Заказ,127.04
92300996,Заказ,341603.4
92304498,Заказ,108.32
92305270,Заказ,818706
92338689,Заказ,246.86
92348277,Заказ,121.6
92353880,Заказ,337615.9
92354840,Заказ,1318.4
92381561,Заказ,257.82
92381569,Заказ,2282142.98
92386832,Заказ,1963798
92392829,Заказ,130.82
92433417,Заказ,5753.6
92466285,Заказ,9088131
92479156,Заказ,29853054
92513845,Заказ,1868000
92526865,Заказ,5510000
92531370,Возврат/Закупка,
92537376,Заказ,931000
92540788,Заказ,5414689.15
92541883,Заказ,1320000
92542727,Заказ,4840000
92545475,Заказ,9805500
92548641,Заказ,3900000
92554657,Заказ,3300000
92555600,Заказ,10350144
92556227,Заказ,300
92637463,Заказ,1416.52
92686004,Заказ,108.32
92749686,Заказ,1256902
92750927,Возврат/Закупка,-1416.52
92754001,Возврат/Закупка,-1089500
92801610,Заказ,257.86
92801755,Заказ,130.82
92801917,Заказ,5923450
92817053,Возврат/Закупка,-19410318.13
92817749,Возврат/Закупка,-52772600
92818530,Возврат/Закупка,-4886995.04
92819026,Возврат/Закупка,-45000
92819552,Возврат/Закупка,-1017000
92821130,Возврат/Закупка,-166000
92822068,Возврат/Закупка,-17045025.86
92823265,Заказ,108000
92823768,Заказ,1424000
92902187,Заказ,130.72
92910710,Заказ,2921495.55
92910801,Заказ,2658347.15
92913226,Заказ,130.72
92930754,Заказ,6551496.3
92931523,Заказ,6585252.46
92933102,Заказ,6585252.46
92933877,Заказ,6585252.46
92935641,Заказ,6584552.46
92935840,Заказ,6582928.46
92936156,Заказ,6583928.06
92937096,Заказ,6584555.26
92937667,Заказ,6584555.26
92937968,Заказ,6601701.68
92941386,Возврат/Закупка,-16810765.55
92941562,Возврат/Закупка,-175000
92942011,Возврат/Закупка,-1063387
92943065,Возврат/Закупка,-3225600
92943377,Возврат/Закупка,-769300
92944403,Возврат/Закупка,-242670.08
92944989,Возврат/Закупка,-1872000
92945756,Возврат/Закупка,-704680.15
92945966,Возврат/Закупка,-393999
92946968,Возврат/Закупка,-425000
92947215,Возврат/Закупка,-496930.56
92947575,Возврат/Закупка,-409200
92947779,Возврат/Закупка,-356931
92969864,Заказ,8662935.95
92987663,Заказ,8630154.45
92988195,Заказ,8630134.42
93002245,Заказ,4961710.4
93042125,Заказ,906.29
93075099,Заказ,8150360
93075152,Заказ,14201880
93075212,Заказ,
93075241,Возврат/Закупка,-1723268.64
93075285,Заказ,
93075302,Заказ,
93075347,Заказ,
93075368,Заказ,
93075391,Заказ,
93075405,Заказ,
93075417,Заказ,
93075442,Заказ,
93075452,Заказ,
93075500,Заказ,
93075520,Заказ,
93075799,Заказ,
93076056,Заказ,
93076082,Заказ,35806000
93076413,Заказ,
93076587,Заказ,5719500
93076762,Заказ,2876.8
93076777,Заказ,5753.6
93076891,Заказ,742.4
93086301,Заказ,105380
93086373,Заказ,52540
93092227,Заказ,116.04
93092386,Заказ,120.12
93108088,Заказ,11161494.06
93124759,Заказ,
93149895,Заказ,1071.23
93154007,Заказ,345600
93155223,Заказ,134400
93207730,Возврат/Закупка,-341913.42
93208123,Заказ,400308.6
93213809,Заказ,572.32
93213992,Заказ,731185.18
93216812,Заказ,3424123.5
93217311,Заказ,3424123.5
93217791,Заказ,3424123.5
93218034,Заказ,3424123.5
93218258,Заказ,3195117.1
93219825,Заказ,11327617.23
93219863,Заказ,15754303.74
93220327,Заказ,4805169
93220377,Заказ,2.71
93222496,Заказ,2460100.44
93222524,Заказ,2663390.44
93222618,Заказ,2422339.44
93222749,Заказ,2407459.44
93222996,Заказ,2407459.44
93223358,Заказ,229006.4
93242675,Возврат/Закупка,-203290
93252977,Заказ,
93255548,Заказ,12572187.06
93255789,Заказ,4984000
93267181,Заказ,570.78
93267773,Заказ,577.53
93268170,Заказ,657.64
93269221,Заказ,575.38
93270075,Возврат/Закупка,-1
93284542,Заказ,3934494.7
93293693,Заказ,431065.6
93342011,Возврат/Закупка,-2920104
93346188,Заказ,2485963.8
93346753,Заказ,2854439.8
93347997,Заказ,2521735.4
93348135,Заказ,2523735.4
93361878,Заказ,5310152
93361892,Заказ,5300602
93361982,Заказ,5300602
93362054,Заказ,5300569.2
93362202,Заказ,5300552.8
93362306,Заказ,5300552.8
93362393,Заказ,5300552.8
93362485,Заказ,5310384.8
93362588,Заказ,5300552.8
93362852,Заказ,5847789.2
93364573,Заказ,419.92
93371026,Заказ,5458668.96
93371661,Заказ,246848
93372646,Заказ,246848
93381375,Заказ,421.25
93382059,Заказ,421.2
93391944,Заказ,5108000
93402950,Заказ,2054447.09
93404499,Заказ,384563.2
93437882,Заказ,4487007.04
93437905,Заказ,3339853.44
93438156,Заказ,3339853.44
93446414,Заказ,2073176
93446729,Заказ,2458570.24
93449015,Заказ,818432
93449333,Заказ,234696
93449360,Заказ,234696
93449471,Заказ,253471.68
93449996,Заказ,2219939.2
93450022,Заказ,2219939.2
93450132,Заказ,2219939.2
93450230,Заказ,2210551.36
93450347,Заказ,2210551.36
93451439,Заказ,3481141.29
93451466,Заказ,3351221.3
93451622,Заказ,3351221.29
93452756,Заказ,
93453025,Заказ,2400572.8
93453088,Заказ,2400572.8
93453202,Заказ,2400572.8
93453572,Заказ,2400572.8
93453722,Заказ,2400572.8
93454071,Заказ,2400572.8
93457225,Заказ,18283.2
93459075,Заказ,37244.8
93474237,Заказ,4371836.18
93477100,Заказ,4371836.18
93498318,Заказ,1177094.8
93501589,Заказ,8772000
93503137,Заказ,2394000
93503356,Заказ,2394000
93507191,Заказ,7525103.56
93507953,Заказ,
93508260,Заказ,58.73
93510165,Заказ,1237039.69
93510187,Заказ,788184.23
93511204,Заказ,1944481.19
93511229,Заказ,1157776
93511669,Заказ,1107139.48
93511728,Заказ,1507449.88
93511756,Заказ,2189096.39
93517739,Заказ,945134
93520424,Заказ,68657
93534357,Заказ,879.23
93537505,Заказ,964.54
93537838,Заказ,878.21
93538172,Заказ,126.64
93557023,Заказ,2199680
93569774,Заказ,15118150
93570305,Заказ,4165625.71
93570532,Заказ,1386116.28
93570787,Заказ,2883433.65
93570873,Заказ,2883433.65
93571060,Заказ,800620.8
93572588,Заказ,800620.8
93572768,Заказ,1201087.28
93573296,Заказ,3440543.08
93573304,Заказ,3440543.08
93573356,Заказ,3440543.08
93582364,Заказ,1067756.8
93582382,Заказ,1067756.8
93582442,Заказ,1067756.8
93582729,Заказ,1061184
93593517,Возврат/Закупка,-1859759
93593544,Заказ,
93594386,Заказ,2262145.85
93594392,Заказ,2215500
93595971,Заказ,9600
93622855,Заказ,77743.08
93622865,Заказ,77743.08
93622927,Заказ,77743.08
93624840,Заказ,1308000
93627121,Заказ,13504400
93628511,Заказ,14651380
93636529,Заказ,19100
93640777,Заказ,388715.38
93643233,Заказ,2332871.54
93645851,Заказ,7623225.53
93646339,Заказ,2010.38
93646388,Заказ,
93648723,Заказ,1420002.74
93650598,Заказ,15
93662570,Заказ,2371673.8
93680234,Заказ,674670.28
93680853,Заказ,451159.37
93690862,Заказ,12546000
93691830,Возврат/Закупка,-114631.8
93691953,Возврат/Закупка,-1481728
93692236,Возврат/Закупка,-133436.8
93692404,Возврат/Закупка,-24606.4
93692569,Возврат/Закупка,-800620.8
93693249,Возврат/Закупка,-164.2
93694201,Возврат/Закупка,-1477296
93694767,Возврат/Закупка,-292731.6
93695133,Возврат/Закупка,-233661
93695587,Возврат/Закупка,-118.86
93695710,Возврат/Закупка,-363628.16
93696544,Возврат/Закупка,-62194.48
93696670,Возврат/Закупка,-581925.12
93707220,Заказ,5156396.6
93715055,Заказ,2393580
93718415,Заказ,4006625.55
93725573,Заказ,1705244.91
93725697,Заказ,1348637.47
93725837,Заказ,515307.52
93752835,Заказ,88338
93791521,Заказ,2215500
93793601,Заказ,27050713.21
93798845,Заказ,7084369.73
93829574,Заказ,232200
93830788,Заказ,1529685.6
93831817,Заказ,17108808.9
93846097,Заказ,54133750
93846682,Заказ,278610.36
93847499,Заказ,262.26
93848187,Заказ,3128428
93854249,Заказ,1066466.36
93854598,Заказ,533233.18
93855493,Заказ,220305.18
93867777,Заказ,7784155
93867940,Заказ,18000000
93868993,Заказ,5689470.8
93870260,Заказ,6719553.03
93871018,Заказ,265226.91
93871024,Заказ,266165.08
93885094,Возврат/Закупка,-33.91
93885169,Возврат/Закупка,-29152.59
93885311,Возврат/Закупка,-47.15
93885341,Возврат/Закупка,-61836.9
93911320,Возврат/Закупка,-68270
93911978,Возврат/Закупка,-708404.58
93912982,Возврат/Закупка,-344585.8
93913318,Заказ,14922500
93927369,Заказ,983200
93939700,Возврат/Закупка,-330302.82
93939892,Возврат/Закупка,-162598.64
93940349,Возврат/Закупка,-56.6
93940402,Возврат/Закупка,-29881.6
93940475,Возврат/Закупка,-37462.16
93940789,Возврат/Закупка,-90.89
93961963,Заказ,14600000
93966927,Заказ,21038548.31
93971242,Возврат/Закупка,-3.12
93976493,Заказ,519680
93979851,Заказ,4229366.02
93996465,Заказ,1034235
94014779,Заказ,26270
94020538,Заказ,604548.07
94020751,Заказ,694806
94021021,Заказ,3128428
94021425,Заказ,
94041201,Заказ,12000000
94043073,Заказ,
94043590,Заказ,667184
94043803,Заказ,57000
94044752,Заказ,1201630.36
94045597,Заказ,262850
94046081,Возврат/Закупка,
94047417,Возврат/Закупка,-5719500
94049391,Заказ,17388
94055950,Заказ,18327481.98
94060533,Заказ,
94061282,Заказ,8984085.7
94065191,Заказ,8364593.94
94069265,Заказ,3265428
94073715,Заказ,3265428
94073728,Заказ,3265428
94073742,Заказ,163260.46
94073760,Заказ,412246.01
94105780,Заказ,360000
94109994,Заказ,1387.09
94112093,Возврат/Закупка,-8636000
94122449,Заказ,46808.38
94125507,Заказ,5254618.5
94126505,Заказ,5262875.42
94131911,Заказ,3772341.58
94134808,Заказ,3505169.14
94134965,Заказ,3505169.14
94138856,Заказ,667.23
94155973,Заказ,7845899.3
94179784,Заказ,127.14
94180082,Заказ,3473428
94185516,Заказ,299240
94187546,Заказ,26270
94191491,Заказ,364.98
94195236,Заказ,1430668.81
94201403,Заказ,2866864
94202305,Заказ,1
94227836,Заказ,3000856
94228952,Заказ,3128428
94284591,Заказ,38340000
94294723,Заказ,925000
94302417,Заказ,65675
94304587,Заказ,3639384
94319513,Заказ,140000
94342430,Заказ,869.57
94350760,Заказ,5132000
94353013,Заказ,477.14
94353275,Заказ,
94353848,Возврат/Закупка,-388579.88
94353948,Возврат/Закупка,-100000
94354304,Возврат/Закупка,-113394.8
94354458,Возврат/Закупка,-1099840
94354716,Возврат/Закупка,-97491.36
94365379,Заказ,220177.25
94367656,Заказ,6378641
94369220,Заказ,2495759.52
96066838,Заказ,2769.47
96067473,Заказ,1190.82
96068227,Заказ,3364760
96081098,Заказ,157000
96105318,Заказ,67677.5
96110802,Заказ,7417966.77
96126895,Заказ,1554042.3
96129729,Заказ,4099385.61
96129913,Возврат/Закупка,-1
96129917,Заказ,254.07
96159789,Заказ,
96188916,Заказ,4300085
96189688,Заказ,22720000
96196565,Заказ,8481635.38
96211380,Заказ,846720
96211395,Возврат/Закупка,-846738.83
96212302,Заказ,4596704
96212304,Заказ,4596704
96213248,Заказ,256945
96217669,Заказ,233220.72
96606321,Заказ,999079.2
96616280,Возврат/Закупка,-644000
96620378,Заказ,5969880
96629331,Заказ,1077600
96648439,Заказ,2696533.86
96649584,Заказ,262700
96649744,Заказ,126.54
96650031,Заказ,952660
96650156,Заказ,107.89
96652576,Заказ,248800
96670869,Заказ,126.54
96705561,Заказ,
96708843,Заказ,29786574.71
96709462,Возврат/Закупка,-328888.96
96711186,Возврат/Закупка,-6011013.12
96712302,Заказ,13159.65
96712719,Заказ,3381194.88
96713258,Заказ,19371427.38
96713346,Заказ,2629818.24
96714935,Возврат/Закупка,-1028602.16
96715423,Заказ,18737290
96722628,Заказ,121.12
96732363,Заказ,19413342.32
96732422,Заказ,7366102.32
96732448,Заказ,3578695.18
96739695,Возврат/Закупка,-3263619.64
96739752,Возврат/Закупка,-103672
96740193,Заказ,1099840
96742388,Заказ,120.88
96742752,Заказ,2532517.4
96747186,Заказ,2199680
96775973,Заказ,925000
96791004,Заказ,70000
96803854,Заказ,57104982.82
96827951,Заказ,802.42
96837878,Заказ,52540
96846476,Возврат/Закупка,-230966.4
96846611,Заказ,230966.4
96846667,Возврат/Закупка,-1099840
96862763,Заказ,344000
96890490,Заказ,12640000
96891084,Заказ,270000
96893117,Заказ,774800
96897234,Заказ,2748200
96897833,Заказ,1220800
96901775,Заказ,18659925.34
96902217,Заказ,15482097
96902727,Заказ,5068000
96919258,Заказ,112.58
96922803,Заказ,35619440
96923654,Заказ,7109.58
96924006,Заказ,2369.86
96926128,Заказ,9539.44
96926227,Заказ,1332.45
96947263,Заказ,370468.28
96953072,Заказ,3810000
96989662,Заказ,9754650
96995555,Заказ,120957660
96996886,Заказ,5396.09
96997486,Заказ,3346205.41
96998028,Заказ,1359459.04
97004381,Заказ,2185170.88
97005193,Заказ,2011215.48
97005451,Заказ,26.14
97018540,Возврат/Закупка,-121.6
97049933,Заказ,9610802.52
97081923,Заказ,11878272
97081936,Заказ,130.2
97086025,Заказ,20738028.8
97086273,Заказ,1424260
97137550,Заказ,1016260
97162017,Заказ,10112500
97179250,Заказ,3705000
97180812,Заказ,15040000
97181032,Заказ,13195114.24
97181976,Заказ,700
97183071,Заказ,11117.4
97183150,Заказ,20060271.77
97183540,Заказ,16191303.99
97183581,Заказ,142240
97185430,Возврат/Закупка,-569542.72
97185479,Возврат/Закупка,-247093.78
97185505,Возврат/Закупка,-89909.18
97185513,Возврат/Закупка,-22086.4
97185531,Возврат/Закупка,-990662.4
97185551,Возврат/Закупка,-295790.64
97185580,Возврат/Закупка,-209617.56
97185616,Возврат/Закупка,-1706034.35
97185671,Возврат/Закупка,-1827447.92
97185697,Возврат/Закупка,-1150479.32
97185716,Возврат/Закупка,-137517.41
97185782,Возврат/Закупка,-321.35
97185796,Возврат/Закупка,-428824
97185810,Возврат/Закупка,-440610.36
97185885,Возврат/Закупка,-146.2
97186043,Возврат/Закупка,-3461676.29
97186097,Возврат/Закупка,-29040
97186593,Возврат/Закупка,-257968
97187178,Заказ,12744681.73
97188197,Заказ,211190165
97196992,Заказ,3052240
97198826,Заказ,
97199468,Заказ,3052240
97200335,Заказ,2910000
97201525,Заказ,600000
97211738,Заказ,53623037.01
97214011,Заказ,40124481.41
97214771,Заказ,54925690.41
97215440,Заказ,28185560.65
97219332,Заказ,34767619.01
97219555,Возврат/Закупка,-2547771.35
97219729,Возврат/Закупка,-1015000
97220043,Возврат/Закупка,-101907.69
97220109,Заказ,40098220.03
97220345,Возврат/Закупка,-226240
97220464,Возврат/Закупка,-1762050
97221486,Заказ,18307720.39
97221889,Заказ,1092900
97224254,Заказ,25607564.57
97224893,Заказ,10025853.78
97226796,Заказ,4619328
97226869,Заказ,11878272
97227368,Заказ,801.25
97227784,Заказ,8636000
97237868,Заказ,17986006.59
97238822,Заказ,17944951.82
97240165,Заказ,2360608
97240959,Заказ,28658664.81
97243541,Заказ,26515345.64
97243969,Заказ,39696933.53
97244091,Заказ,21688448.16
97245066,Заказ,18229384.95
97246399,Заказ,70426187.97
97247034,Заказ,117000
97247749,Заказ,683200
97307718,Заказ,32746521.19
97309423,Заказ,116.77
97310131,Заказ,27125214.82
97328306,Заказ,5114279.04
97328659,Заказ,764.47
97342658,Заказ,1039580
97348177,Заказ,8779185
97348381,Заказ,2310000
97369230,Заказ,344000
97369937,Заказ,172000
97371676,Заказ,76560
97372164,Заказ,357550.16
97376582,Заказ,16647644.83
97385582,Заказ,134400
97386340,Возврат/Закупка,-78500
97388791,Заказ,14053534.08
97395124,Заказ,60800
97395186,Заказ,47820
97395607,Заказ,1564366.4
97396967,Заказ,1933759.02
97405176,Заказ,8144481.62
97405266,Заказ,8028289.85
97405287,Заказ,11290060.36
97410580,Заказ,402765
97418556,Заказ,3529300
97420682,Заказ,35082
97461963,Заказ,844800
97466769,Заказ,764.47
97467705,Заказ,13847914.91
97471579,Заказ,7188778
97471741,Заказ,7209.96
97487976,Заказ,2284.32
97488716,Заказ,5638755.04
97488846,Возврат/Закупка,-2310000
97497096,Заказ,2369.86
97538254,Заказ,711.87
97549921,Заказ,43557205.6
97558514,Заказ,2581264
97568324,Заказ,674
97574735,Заказ,305760
97578252,Заказ,1024800
97579998,Заказ,56.29
97589054,Заказ,152.89
97589832,Заказ,60478830
97595214,Заказ,3134.33
97595328,Заказ,60478830
97602228,Заказ,1120000
97605905,Заказ,126.44
97609342,Заказ,702038400
97617283,Заказ,2369.86
97628101,Заказ,1631.51
97637392,Заказ,1605.39
97649007,Заказ,2585.78
97661315,Заказ,8423204
97661412,Заказ,268080
97663867,Возврат/Закупка,-7620000
97663958,Заказ,5353970
97673104,Заказ,922691.63
97696288,Заказ,700.8
97696299,Заказ,2352
97700468,Заказ,4415254.35
97700813,Заказ,76876
97701693,Заказ,3024626.8
97715345,Заказ,191400
97723834,Заказ,116610.36
97724492,Заказ,2664000
97724632,Заказ,12998000
97724753,Заказ,6868000
97724925,Заказ,1315748
97725270,Заказ,1101210.71
97725722,Возврат/Закупка,
97725879,Возврат/Закупка,-1704000
97726097,Возврат/Закупка,-4373600
97726172,Возврат/Закупка,-688761.92
97726341,Возврат/Закупка,-1801453
97726404,Возврат/Закупка,-105000
97726473,Возврат/Закупка,-172000
97740279,Заказ,126.44
97743403,Заказ,881400
97744901,Заказ,820000
97745218,Заказ,8779185
97748936,Заказ,11049616
97749286,Заказ,74685004.84
97753953,Заказ,1250
97757425,Заказ,19934758.61
97767409,Возврат/Закупка,-885780
97767707,Возврат/Закупка,-3027973.06
97767932,Возврат/Закупка,-2356680
97768207,Возврат/Закупка,-115000
97768274,Возврат/Закупка,-185785.16
97768800,Возврат/Закупка,-31290
97769224,Заказ,579180
97774209,Заказ,261211670
97799763,Заказ,203817600
97804100,Заказ,252.88
97804980,Заказ,126.44
97805799,Заказ,72520842.89
97815679,Заказ,2758108.58
97815682,Заказ,2923084.58
97815989,Заказ,10780
97817180,Заказ,909700
97817274,Заказ,909700
97822696,Возврат/Закупка,-3810000
97823455,Заказ,3175.88
97826456,Заказ,1118768
97828262,Заказ,5461962.29
97829197,Заказ,606000
97836335,Возврат/Закупка,
97836579,Заказ,
97860540,Заказ,6351840
97868655,Заказ,434919.84
97876746,Заказ,23754734.62
97899033,Заказ,850.49
97905832,Заказ,6192640
97905975,Заказ,18207970.07
97927507,Заказ,9443264.39
97928894,Заказ,1892803.13
97939015,Возврат/Закупка,-1004318.38
97939106,Возврат/Закупка,-248100
97939514,Возврат/Закупка,-322950.5
97939570,Возврат/Закупка,-909700
97939939,Заказ,348322184.16
97947658,Заказ,297998.4
97958387,Заказ,1099840
97967130,Заказ,3006200
97991508,Заказ,100.71
97992843,Возврат/Закупка,-203817600
97993500,Заказ,1493490.06
97993665,Заказ,1879640
97993667,Заказ,909281.43
97994125,Заказ,1277360.87
97994622,Заказ,144485
97995664,Заказ,85000
98003211,Заказ,1256234.4
98005555,Заказ,2655608
98008369,Заказ,2503.2
98011136,Заказ,21380666.4
98011240,Заказ,26743654.96
98013238,Возврат/Закупка,-1547148.17
98014321,Возврат/Закупка,-130704
98014485,Возврат/Закупка,-20442.8
98014561,Возврат/Закупка,-68800
98021811,Возврат/Закупка,-187421.8
98022464,Заказ,10508
102512236,Заказ,121956862.41
102513771,Заказ,307188
102514213,Заказ,3031376
102522489,Заказ,3319065.1
102531063,Заказ,14720160
102549288,Заказ,348500
102556087,Заказ,1787.4
102557870,Заказ,121.6
102562672,Заказ,1036030.04
102573847,Заказ,48815014.87
102575324,Заказ,452445000
102579316,Заказ,900.76
102579716,Заказ,9500000
102613158,Заказ,6084940.54
103327139,Заказ,5519.17
103358955,Заказ,6878682.07
103359753,Заказ,234847.9
103366753,Заказ,6879741.07
103368021,Заказ,4311775.67
103368514,Заказ,2403365.1
103368811,Заказ,2417714.2
103369656,Заказ,10947991.29
103369699,Заказ,10947991.29
103370478,Возврат/Закупка,-5539.52
103371285,Заказ,1
103371410,Заказ,3000000
103371679,Заказ,7473312
103373100,Заказ,5737428.36
103381396,Заказ,1563957.9
103382908,Заказ,2061223.54
103389563,Заказ,680
103389798,Заказ,2244765.92
103406335,Заказ,36827992.32
103409551,Заказ,3662722.88
103409734,Заказ,4210694.08
103410156,Заказ,2883433.65
103410204,Заказ,4372146.38
103411093,Заказ,5804450.79
103416544,Заказ,1771673
103416715,Заказ,254000
103418186,Заказ,534862.39
103433976,Заказ,113.74
103439434,Заказ,2363625.6
103449460,Заказ,5122000
103467536,Заказ,799564.42
103468093,Заказ,133680
103468642,Заказ,1687959.96
103469143,Заказ,1619527.96
103477034,Заказ,10684844.79
103481823,Заказ,15000
103482135,Заказ,762000
103484948,Заказ,5200000
103484956,Заказ,5200000
103484966,Заказ,5200000
103843192,Заказ,2707035.2
103843329,Заказ,310000
103843467,Заказ,25000
103848682,Заказ,76327686.76
103862176,Заказ,480
103874163,Заказ,130.61
103894582,Заказ,688.07
103900237,Заказ,84137.74
103900721,Заказ,4053912
103902533,Заказ,6732754.69
103913884,Заказ,682
103931424,Заказ,362356736
103962090,Заказ,149.76
103968656,Заказ,2046164.52
103968848,Заказ,38433534.39
103994666,Заказ,11296550.2
103995773,Заказ,427284
103995981,Заказ,90272
103997666,Заказ,2605031.01
103998409,Заказ,3529977.85
104000127,Заказ,27329221.4
104002248,Заказ,723.82
104003336,Заказ,2491104
104006045,Заказ,11809030.4
104128035,Заказ,549920
104129635,Заказ,56.47
104130180,Заказ,1514423.6
104138114,Заказ,10568
104157805,Заказ,1494.34
104157936,Заказ,996.23
104161663,Заказ,8842106.4
104163439,Заказ,3055.36
104167889,Возврат/Закупка,-2272424
104168686,Возврат/Закупка,-266873.6
104168758,Заказ,2721653.6
104170068,Заказ,1334362.4
104170605,Возврат/Закупка,-1
104170961,Заказ,28470936
104172046,Заказ,1725831.15
104173192,Заказ,1567.04
104173855,Заказ,279000
104173890,Заказ,304000
104179509,Заказ,7456482.03
104179828,Заказ,154020
104179885,Заказ,146400
104182642,Заказ,1092520.08
104250517,Заказ,5082008
104301339,Заказ,9843502.28
104302437,Заказ,12872240.46
104319967,Заказ,3465000
104320136,Заказ,3850000
104339195,Заказ,2386106.66
104340538,Заказ,1768840
104342526,Заказ,1245.85
104343497,Заказ,459284700
104348203,Заказ,13077760
104348350,Заказ,2955651.22
104356406,Заказ,7500629.35
104360402,Заказ,9702333.46
104364484,Заказ,9661655.43
104379868,Заказ,75430
104380765,Возврат/Закупка,-503360.8
104380982,Возврат/Закупка,-221213
104381295,Возврат/Закупка,-167257.4
104381500,Возврат/Закупка,-136219.6
104381881,Возврат/Закупка,-141073.2
104382052,Возврат/Закупка,-27006
104382235,Возврат/Закупка,-492853.92
104382436,Возврат/Закупка,-2869586.48
104382511,Возврат/Закупка,-157000
104382656,Возврат/Закупка,-1208121.49
104382812,Возврат/Закупка,-3024
104382885,Возврат/Закупка,-209764.45
104382932,Возврат/Закупка,
104382994,Возврат/Закупка,-1246077.04
104383071,Возврат/Закупка,-290943.7
104383213,Возврат/Закупка,-812944.12
104383310,Возврат/Закупка,-262794.98
104383374,Возврат/Закупка,-7092.4
104383531,Возврат/Закупка,-113912.2
104383659,Возврат/Закупка,-95000
104384835,Возврат/Закупка,-679559.23
104384877,Возврат/Закупка,-315619.28
104384892,Возврат/Закупка,-549920
104384972,Возврат/Закупка,-1652316.56
104385003,Возврат/Закупка,-60760
104385037,Возврат/Закупка,-1370368
104385088,Возврат/Закупка,-989005.81
104385111,Возврат/Закупка,-138367.74
104385140,Возврат/Закупка,-56000
104386388,Заказ,50758889.51
104386393,Заказ,30579255.56
104433101,Заказ,14259005.46
104433430,Заказ,715083.18
104433607,Заказ,95000
104433782,Заказ,2623221.14
104434151,Заказ,412000
104436649,Заказ,25689093.2
104439054,Заказ,300000
104439808,Заказ,550000
104454800,Заказ,2632962
104465120,Заказ,65675
104466578,Заказ,285165
104477834,Заказ,27929475
104479640,Заказ,4537083.36
104483480,Заказ,2543643.94
104488361,Заказ,1245552
104501725,Заказ,76547450
104508756,Возврат/Закупка,-3232353.2
104508768,Возврат/Закупка,-157000
104510818,Заказ,871872.67
104520515,Возврат/Закупка,-604574
104520611,Возврат/Закупка,-9600
104536700,Заказ,6336000
104554010,Заказ,8539000
104554666,Возврат/Закупка,-2268044.21
104555005,Заказ,1745535.01
104555805,Возврат/Закупка,-581500.14
104557662,Заказ,120000
104558810,Заказ,2394258
104559870,Заказ,384600
104561052,Заказ,21037782.74
104561130,Заказ,2360801.1
104595615,Заказ,9326362.58
104597043,Заказ,760800
104598818,Заказ,74000
104623687,Заказ,46
104629596,Заказ,334.32
104629754,Заказ,12886000
104636554,Заказ,1213500
104636813,Заказ,1213500
104638995,Возврат/Закупка,-949959.25
104639092,Возврат/Закупка,-224704
104639655,Возврат/Закупка,-603704.2
104640791,Заказ,2491104
104643732,Возврат/Закупка,-22568
104644008,Возврат/Закупка,-117712
104644258,Возврат/Закупка,-119403.2
104644746,Возврат/Закупка,-387972.9
104644898,Возврат/Закупка,-228000
104645454,Возврат/Закупка,-176852
104645522,Возврат/Закупка,-34070
104645588,Возврат/Закупка,-20442
104645748,Возврат/Закупка,-34070
104645864,Возврат/Закупка,-30663
104646478,Заказ,9926300.34
104647561,Заказ,485803.94
104650226,Возврат/Закупка,-590218.66
104650388,Возврат/Закупка,-2365630.24
104651080,Возврат/Закупка,-965304.53
104651153,Возврат/Закупка,-67145.58
104651714,Возврат/Закупка,-673815
104651914,Возврат/Закупка,-3021551.1
104652061,Возврат/Закупка,-13938
104652121,Возврат/Закупка,-3028125
104654579,Заказ,7538000
104655691,Заказ,13037983.88
104657520,Заказ,10623328.38
104657861,Заказ,7257210.82
104672291,Заказ,127.04
104672637,Заказ,4493007.13
104674862,Заказ,11047473
104683863,Заказ,157788440
104685593,Заказ,2863292.82
104685646,Заказ,2938753.7
104686299,Заказ,146878.08
104687757,Заказ,63000
104688249,Заказ,203900
104688570,Заказ,664500
104724833,Возврат/Закупка,-247347.6
104766999,Заказ,96682
104788106,Заказ,4123823.19
104801320,Заказ,700
104844372,Возврат/Закупка,-1256640
104844586,Возврат/Закупка,-201600
104845276,Возврат/Закупка,-438862.75
104845508,Возврат/Закупка,-150371.2
104845806,Возврат/Закупка,-1099840
104846185,Возврат/Закупка,-729120
104846251,Возврат/Закупка,-36960
104846336,Возврат/Закупка,-302400
104846549,Возврат/Закупка,-396480
104846654,Возврат/Закупка,-989856
104846736,Возврат/Закупка,-1099840
104847984,Возврат/Закупка,-86
104848858,Возврат/Закупка,-488706.4
104848937,Возврат/Закупка,-344000
104849459,Возврат/Закупка,-2336560.44
104849715,Возврат/Закупка,-39540.8
104849801,Возврат/Закупка,-2503.2
104850356,Возврат/Закупка,-2435826.19
104850656,Возврат/Закупка,-1793936.18
104850900,Возврат/Закупка,-35000
104851168,Возврат/Закупка,-114000
104851227,Возврат/Закупка,-57000
104853449,Возврат/Закупка,-1575000
104859433,Заказ,6000000
104859809,Заказ,153720
104859838,Заказ,2000000
104864928,Заказ,2491104
104868729,Заказ,5635206.04
104868877,Заказ,13071784.9
104871348,Возврат/Закупка,-230785.44
104875669,Заказ,473250
104880092,Заказ,132124
104887408,Заказ,701981.2
104893571,Заказ,1044631.04
104893827,Заказ,1334362.68
104904225,Заказ,752041.74
104974027,Заказ,2673810.4
104979950,Заказ,47543.69
104984094,Заказ,1036800
104988057,Заказ,75000
105024579,Заказ,80000
105024583,Заказ,80000
105024584,Заказ,160000
105024585,Заказ,200000
105024588,Заказ,80000
105033879,Заказ,284480
105034679,Заказ,13219810.2
105039360,Заказ,30000
105060655,Заказ,572660
105063630,Заказ,3064920.2
105066332,Заказ,862135.78
105121070,Заказ,242708.4
105122797,Заказ,54824525
105127193,Заказ,1586361.15
105127338,Заказ,41405100
105135598,Заказ,6194419.05
105136302,Заказ,18900
105136868,Заказ,70340900
105143928,Заказ,2920000
105144104,Возврат/Закупка,-6336000
105148426,Заказ,8116000
105158199,Заказ,178060.08
105163494,Возврат/Закупка,-1186250
105164820,Заказ,77056
105174312,Заказ,171.44
105205276,Заказ,2136265.24
105220173,Заказ,2640250.5
105267047,Заказ,6336000
105267925,Заказ,122879
105269476,Возврат/Закупка,-476867.6
105269555,Возврат/Закупка,-667181
105269702,Возврат/Закупка,-2000000
105333019,Возврат/Закупка,-1768840
105333386,Возврат/Закупка,-882000
105371113,Заказ,113.65
105372288,Возврат/Закупка,-1322373.65
105372717,Возврат/Закупка,-2496125.43
105372769,Возврат/Закупка,-118858.32
105372800,Возврат/Закупка,-147475.44
105373082,Возврат/Закупка,-2563700
105373237,Возврат/Закупка,-501218.4
105373324,Возврат/Закупка,-204100
105373502,Возврат/Закупка,-3293528.37
105373539,Возврат/Закупка,-59429.16
105380100,Заказ,723460.61
105380145,Заказ,571362.44
105389356,Заказ,240828.85
105389416,Заказ,2673756.9
105389908,Заказ,2519644.9
105398624,Заказ,167144.9
105402187,Возврат/Закупка,-2400452.6
105422434,Заказ,29670
105423817,Заказ,178125
105428006,Заказ,100000
105431415,Заказ,6013.15
105440845,Заказ,2755825.92
105702763,Заказ,8115263.99
105713473,Заказ,1043617.63
105731867,Заказ,58.59
105734492,Заказ,58.66
105737950,Заказ,119700
105740992,Заказ,6000000
105749123,Заказ,389386
105758483,Заказ,300000
105769861,Заказ,69000
105794767,Заказ,7232400
105795225,Заказ,35000
105795451,Заказ,2539676.2
105796037,Заказ,1122300
105802663,Заказ,4673350
105809113,Возврат/Закупка,-1026427.17
105809568,Возврат/Закупка,-124566.4
105809904,Возврат/Закупка,-80000
105810622,Возврат/Закупка,-672694.2
105819020,Возврат/Закупка,-2520695.3
105820517,Возврат/Закупка,-84605.33
105821073,Возврат/Закупка,-2817235.22
105822545,Заказ,2689168.1
105822974,Заказ,2746168.1
105824473,Возврат/Закупка,-146237.04
105829820,Заказ,11503374.21
105840430,Заказ,474828.8
105872654,Заказ,193082.38
105882866,Заказ,2402146.08
105897204,Возврат/Закупка,
105897669,Возврат/Закупка,-408197.25
105897767,Возврат/Закупка,-57000
105899164,Заказ,17954662.32
105904408,Заказ,960214.8
105931148,Заказ,176205
105944170,Заказ,5788809.84
105947700,Заказ,225740.2
105956448,Заказ,3090132.77
105960034,Возврат/Закупка,-1189129.8
105962133,Возврат/Закупка,-1
105964301,Заказ,398.53
105966948,Заказ,36974100
105969956,Заказ,29.24
105970440,Заказ,11858228.86
105971664,Заказ,26017231.61
105974287,Заказ,9839.51
105976305,Возврат/Закупка,-38000
105976453,Возврат/Закупка,-400310.4
105986328,Возврат/Закупка,-528779.4
105986662,Возврат/Закупка,-5006.4
105995321,Заказ,6644000
105995872,Заказ,6662000
105995878,Заказ,-866.84
105998880,Заказ,80000
106003949,Заказ,380000
106004534,Заказ,730000
106010119,Заказ,-181.16
106024872,Заказ,247.81
106026793,Заказ,2310000
106028059,Заказ,130.1
106036563,Возврат/Закупка,-1036800
106038348,Заказ,256000
106043402,Заказ,10010819.54
106044217,Заказ,11228890.38
106050648,Заказ,53106.4
106052844,Заказ,61106198.58
106052994,Заказ,202141097.08
106053228,Заказ,29677290.55
106053588,Заказ,49298450.57
106053726,Заказ,109981671.25
106053792,Заказ,47401954.84
106053842,Заказ,10269113.97
106055721,Возврат/Закупка,-171.44
106055738,Возврат/Закупка,-58.59
106064063,Заказ,2643843.9
106064391,Заказ,333843.9
106068702,Заказ,243.32
106116513,Возврат/Закупка,-1613349.63
106117524,Заказ,4971608.54
106126322,Заказ,2634240
106126405,Заказ,4139520
106264482,Заказ,1265000
106267743,Заказ,2730208.9
106274387,Заказ,1613349.63
106278423,Заказ,407100
106308513,Заказ,1093.99
106340356,Заказ,12744386.06
106401738,Заказ,97800.75
106406688,Заказ,1111572.34
106410088,Возврат/Закупка,-897443.44
106410385,Возврат/Закупка,-17850
106429915,Заказ,1706915.73
106453545,Заказ,2846000
106476576,Заказ,18623422.6
106476962,Заказ,4700261.92
106477014,Заказ,12878977.1
106523659,Заказ,573005.44
106529477,Заказ,17230358.1
106531828,Заказ,641000
106534350,Заказ,2383104.45
106534355,Заказ,2383104.45
106536071,Возврат/Закупка,-214412.8
106554087,Возврат/Закупка,-65.6
106557391,Заказ,11768780.42
106557464,Заказ,391120
106557540,Заказ,16461115.99
106564700,Заказ,60000
106601440,Заказ,4652776
106601448,Заказ,4652776
106605306,Заказ,817640
106605372,Заказ,6086900
106606172,Заказ,3462000
106606194,Заказ,1154000
106620214,Заказ,189049.8
106620286,Возврат/Закупка,-124.69
106647898,Заказ,2160
106649928,Заказ,
106652350,Заказ,31200
106656184,Заказ,8731902.64
106657492,Заказ,1340325
106657614,Заказ,702075
106657860,Заказ,8731901.7
106671257,Заказ,9138616.56
106671844,Заказ,14962640.08
106671892,Возврат/Закупка,-660567.07
106672285,Возврат/Закупка,-1334368
106678873,Заказ,6759580
106683485,Заказ,2308000
106684912,Заказ,15674842.47
106687014,Возврат/Закупка,-9216000
106699441,Возврат/Закупка,-123.12
106700521,Возврат/Закупка,-113.92
106700866,Заказ,2530962.15
106702005,Заказ,2530963.15
106702355,Заказ,133328.5
106703150,Возврат/Закупка,-2383104.45
106703815,Заказ,586242.13
106704146,Заказ,1540000
106705065,Заказ,35000
106706211,Заказ,165000
106708347,Возврат/Закупка,-364.98
106709733,Возврат/Закупка,-58.73
106709820,Возврат/Закупка,-111.02
106712810,Возврат/Закупка,-107.26
106713191,Заказ,8370328.98
106719568,Возврат/Закупка,-337.92
106724346,Возврат/Закупка,-100.71
106734737,Заказ,7392319.18
106736849,Заказ,130.82
106737050,Заказ,141700
106737104,Заказ,217330.4
106740481,Заказ,482000
106742904,Заказ,487000
106755991,Заказ,140000
106761209,Заказ,19200000
106762010,Заказ,75000
106765349,Заказ,2530962.15
106801136,Заказ,2717.96
106806590,Заказ,153018
106815525,Заказ,1281500
107443534,Заказ,254400
107443779,Заказ,2374296.2
107444105,Заказ,367038.45
107456235,Заказ,2143051.54
107467599,Заказ,132.39
107504137,Заказ,13176000
107506386,Заказ,88791.6
107511569,Заказ,59384783.21
107525105,Возврат/Закупка,-682
107526916,Заказ,4695300.13
107527092,Заказ,10623680.36
107536622,Заказ,9999600
107553597,Заказ,105500
107554228,Заказ,9966273
107555639,Заказ,3000001
107558467,Заказ,1458.5
107561394,Заказ,58606030.54
107571579,Заказ,509000
107575546,Заказ,6630000
107575569,Заказ,406.4
107579587,Заказ,140000
107591266,Заказ,230000
107605586,Заказ,60505250
107606355,Заказ,1015.77
107615141,Заказ,9200000
107617236,Заказ,128800512.96
107617413,Заказ,
107617604,Заказ,6580000
107617615,Заказ,
107617763,Заказ,4385295.88
107617796,Заказ,4115450.77
107619100,Заказ,3308.74
107661440,Возврат/Закупка,-57500
107662681,Заказ,1077893
107663523,Заказ,17510
107663672,Возврат/Закупка,-2199791.46
107669488,Возврат/Закупка,-149.76
107684562,Заказ,7348.72
107685402,Возврат/Закупка,-436895.04
107686153,Возврат/Закупка,-69.45
107704611,Возврат/Закупка,-3052240
107705246,Возврат/Закупка,-2000000
107717626,Заказ,6112800
107718647,Заказ,525400
107719264,Заказ,41668775.84
107719320,Заказ,319455.36
107719880,Заказ,31929115.91
107721802,Заказ,19500969.77
107722563,Заказ,17075863.64
107722655,Заказ,17156562.63
107722954,Заказ,20376500.06
107726264,Заказ,247000
107726287,Заказ,210600
107726309,Заказ,192400
107728554,Заказ,3603582.45
107739227,Заказ,4848800
107739656,Заказ,4423855.1
107740096,Заказ,5565919.1
107775002,Заказ,310000
107782696,Возврат/Закупка,-1
107783132,Заказ,2720
107799897,Заказ,104673
107800714,Заказ,88866.4
107802390,Заказ,2331074.05
107804339,Возврат/Закупка,-6336000
107822014,Заказ,127800
107822181,Возврат/Закупка,-748452.24
107822587,Возврат/Закупка,-428824.48
107823781,Заказ,1
107826641,Заказ,485964.66
107827277,Заказ,736680
107832390,Заказ,73150000
107839536,Заказ,96765159.66
107876343,Возврат/Закупка,
107882418,Заказ,2325943.85
107884239,Возврат/Закупка,
107886270,Заказ,
107899126,Заказ,409795.63
107908977,Заказ,4444882.2
107909006,Заказ,4476816.41
107913993,Заказ,31837.5
107915240,Заказ,118504.95
107920093,Заказ,1200002
107930172,Заказ,4438181.95
107940402,Заказ,21713776.25
107947870,Заказ,1
107948378,Заказ,18
107948838,Заказ,9029993.34
107964008,Заказ,1060400
107969469,Заказ,527110.14
107976080,Заказ,5400000
107992015,Заказ,181569360
108004711,Возврат/Закупка,-1369598.22
108004956,Возврат/Закупка,-1544454.32
108005066,Возврат/Закупка,-2342332.7
108005100,Возврат/Закупка,
108019620,Заказ,101000
108020300,Заказ,2608052
108029574,Заказ,564.03
108031195,Заказ,4545212.67
108031247,Заказ,4541415.32
108059071,Заказ,31837.5
108062655,Заказ,9507279.86
108065544,Заказ,255000
108065791,Заказ,654.34
108069390,Заказ,6112800
108069694,Заказ,2241360
108073303,Заказ,3671627.95
108073889,Заказ,2651655.05
108077599,Заказ,587500
108079265,Заказ,4715991.77
108079589,Заказ,1420702.1
108080334,Заказ,4690975.45
108080442,Заказ,4690975.45
108080801,Заказ,1051612.85
108081093,Заказ,4920099.6
108082405,Заказ,5708134.13
108087415,Заказ,2400004
108097724,Возврат/Закупка,-730358.71
108097784,Возврат/Закупка,-421110.4
108097875,Возврат/Закупка,-220972.4
108122714,Возврат/Закупка,-961098.9
108123955,Возврат/Закупка,-1392360.6
108124322,Возврат/Закупка,-2019735.35
108124561,Возврат/Закупка,-18200
108124690,Возврат/Закупка,-18200
108124874,Возврат/Закупка,-18200
108125052,Возврат/Закупка,-451113.6
108135757,Заказ,458270.11
108139797,Заказ,428960.6
108139910,Заказ,442230.6
108139917,Заказ,456880.6
108140340,Заказ,110300
108153076,Заказ,1734678.4
108160463,Заказ,352231.52
108164873,Заказ,2648328
108165082,Заказ,1838020
108170740,Заказ,319500
108179529,Заказ,1850000
108179623,Заказ,8000000
108184759,Заказ,6280444.31
108184869,Заказ,19187632.98
108197930,Заказ,2000000
108198967,Заказ,2307567.55
108200230,Заказ,6725600
108200264,Заказ,49548.8
108200995,Возврат/Закупка,-77056
108210459,Заказ,7147302.25
108210527,Заказ,7493304.4
108237039,Заказ,382800
108237101,Заказ,382800
108237102,Заказ,382800
108237485,Заказ,2000000
108250511,Возврат/Закупка,-562028.8
108250579,Возврат/Закупка,-1119300
108250742,Возврат/Закупка,-124920
108250920,Возврат/Закупка,-507793.22
108251304,Возврат/Закупка,-1779970.7
108251542,Заказ,62371.02
108256747,Заказ,3499.16
108261004,Заказ,876000
108272438,Заказ,173000
108273978,Заказ,1107762
108274309,Заказ,1533000
108284259,Заказ,5425444
108292508,Возврат/Закупка,-27536585.28
108300208,Заказ,223.5
108312864,Заказ,7421174.03
108327226,Заказ,363677.82
108329841,Заказ,6782000
108329851,Заказ,392
108329860,Заказ,3946000
108332334,Заказ,1714156.95
108342816,Возврат/Закупка,-4250524.53
108343608,Возврат/Закупка,-266873.6
108343632,Возврат/Закупка,-1008612
108343652,Возврат/Закупка,-257622.32
108343672,Возврат/Закупка,-143453.35
108344463,Заказ,174821.02
108353034,Заказ,4.34
108363333,Возврат/Закупка,-1120
108363965,Заказ,78500
108369022,Возврат/Закупка,-223.5
108371735,Заказ,5409710
108408496,Заказ,990.8
108421857,Заказ,36229050
108421916,Заказ,27200000
108429648,Заказ,1596.8
108435859,Заказ,2451701.6
108444190,Заказ,6336000
108468708,Заказ,8800000
108468990,Заказ,160
108471145,Возврат/Закупка,-107.89
108475943,Заказ,11455610
108476278,Заказ,3969910
108630167,Заказ,2726605.16
108630303,Заказ,2566481
108633327,Заказ,45000
108635892,Заказ,23000
108652620,Заказ,1200000
108653314,Заказ,9076549.82
108657784,Заказ,316.8
108664899,Заказ,450900
108684508,Заказ,209920
108686199,Заказ,87.92
108689323,Возврат/Закупка,-1021903.3
108689669,Заказ,36430979.56
108689967,Возврат/Закупка,-821023.77
108690247,Возврат/Закупка,-476640.96
108692753,Возврат/Закупка,-1752950
108692846,Возврат/Закупка,-572222.8
108695421,Заказ,1693440
108733864,Заказ,47100
108735172,Заказ,2642556.52
108735403,Заказ,124710
108741518,Заказ,1834880
108753299,Заказ,337600
108762468,Заказ,13738000
108767010,Заказ,4115000
108767132,Заказ,3985000
108777666,Возврат/Закупка,-363525.54
108778485,Заказ,442200000
108788914,Заказ,112.28
108789351,Заказ,2388840.35
108789354,Заказ,2426568.35
108789524,Возврат/Закупка,-77056
108789577,Возврат/Закупка,-77056
108797094,Заказ,232.47
108797434,Заказ,112.28
108813360,Возврат/Закупка,-1
108813546,Заказ,1
108814174,Заказ,2300563.73
108818316,Заказ,42328.4
108822516,Заказ,898466.68
108837283,Заказ,53859.3
108842416,Заказ,315000
108857028,Заказ,1707186
108860105,Заказ,1925000
108863297,Заказ,7175740
108863402,Заказ,1209600
108865360,Возврат/Закупка,-65675
108865399,Возврат/Закупка,-25667843.2
108873263,Возврат/Закупка,-1374303.64
108876280,Заказ,2160000
108878960,Заказ,111.02
108888362,Возврат/Закупка,-8636000
108896273,Заказ,954045.2
108905430,Заказ,35592166.4
108911341,Заказ,436831.4
108929620,Заказ,14039073
108929726,Заказ,13020620
108937742,Заказ,1435570
108942937,Заказ,9972480
108942954,Заказ,3198720
108963678,Заказ,52000
108965493,Заказ,3611000
108965837,Заказ,1472423
108966290,Заказ,4392800
108966379,Заказ,4392800
108966802,Заказ,4598562
108967264,Заказ,1945440
108967341,Заказ,434700
109007545,Заказ,3691239
109008061,Заказ,3498387.4
109019572,Заказ,8581596.23
109043136,Заказ,826831.08
109043139,Заказ,511831.08
109081415,Заказ,3353000
109081426,Заказ,3342500
109131883,Заказ,9293095
109141007,Заказ,1200002
109155103,Заказ,1480438.38
109157854,Заказ,1294000
109168365,Заказ,2432569
109168895,Заказ,3862393.4
109171141,Заказ,6857893.7
109171161,Заказ,6911567.6
109171490,Заказ,7096567.6
109171667,Заказ,8124335.6
109171759,Заказ,5007103.6
109178832,Заказ,216000
109179967,Заказ,168000
109181791,Возврат/Закупка,-145762.95
109181861,Возврат/Закупка,-145762.95
109189766,Заказ,305910.36
109189767,Заказ,305910.36
109915388,Возврат/Закупка,-448600.6
109917263,Заказ,312900
109917276,Заказ,625800
109919292,Заказ,2190300
109922291,Заказ,13121340
109934994,Заказ,19000000
109935588,Заказ,5210000
109935594,Заказ,478.24
109941472,Заказ,9508000
109941478,Заказ,472
109955763,Заказ,9805000
109975200,Заказ,3008600
109975312,Заказ,1048600
109977086,Заказ,28904748.83
109982627,Заказ,1344000
109982706,Заказ,268800
109989356,Заказ,1212000
109999197,Заказ,646110.36
109999272,Заказ,278610.36
109999273,Заказ,290152.59
110001750,Заказ,4392800
110003473,Заказ,7391000
110011632,Заказ,4257000
110014865,Заказ,62975
110023546,Заказ,31738
110024866,Возврат/Закупка,-9499
110030080,Заказ,107.55
110032937,Заказ,286865.2
110051122,Возврат/Закупка,-9508000
110061048,Заказ,294000
110061165,Заказ,294000
110071363,Заказ,294000
110071364,Заказ,294000
110079068,Заказ,8764
110105813,Заказ,1008000
110107358,Заказ,24457341.64
110107950,Заказ,814990
110121350,Заказ,2051750
110121506,Заказ,11076084
110121632,Заказ,1954150
110121712,Заказ,1954150
110121794,Заказ,51750
110121909,Заказ,2055300
110122229,Заказ,1954150
110136681,Заказ,99000
110136750,Заказ,165000
110146880,Заказ,504000
110147099,Заказ,504000
110147100,Заказ,504000
110148299,Заказ,44000
110148355,Заказ,44000
110148356,Заказ,44000
110150431,Возврат/Закупка,-79800
110153326,Заказ,1079800
110154688,Возврат/Закупка,-6000000
110155400,Возврат/Закупка,-1242930.45
110157526,Возврат/Закупка,-417000
110158994,Возврат/Закупка,-376320
110159190,Возврат/Закупка,-365000
110164835,Возврат/Закупка,-12468882.56
110165737,Возврат/Закупка,-5770000
110166271,Возврат/Закупка,-1154000
110186429,Заказ,227.2
110192021,Заказ,10378165.35
110192074,Заказ,11498670.35
110192075,Заказ,10372535.11
110225400,Заказ,426000
110225491,Заказ,426000
110225492,Заказ,426000
110225493,Заказ,426000
110227077,Заказ,8595000
110227130,Заказ,600000
110231180,Заказ,52500
110231215,Заказ,52500
110246555,Заказ,8142848
110252814,Заказ,360000
110252841,Заказ,360000
110258127,Заказ,450000.32
110258210,Заказ,450000.32
110261822,Возврат/Закупка,-132000
110261907,Возврат/Закупка,-132000
110261964,Возврат/Закупка,-132000
110262018,Возврат/Закупка,-132000
110262901,Заказ,1105167
110268612,Возврат/Закупка,-1470612
110272709,Заказ,2590000
110285637,Заказ,3496845
110319192,Заказ,5000
110319196,Заказ,5000
110319962,Возврат/Закупка,-18
110335691,Заказ,17904768.77
110350702,Заказ,14242
110352677,Заказ,930920
110361381,Заказ,1215050
110370979,Заказ,631920
110390038,Заказ,6531000
110390666,Заказ,342000
110392316,Заказ,5320000
110394185,Заказ,328000
110394506,Заказ,61800
110394533,Заказ,40400
110394534,Заказ,29000
110396548,Заказ,36000
110399005,Заказ,153000
110399591,Заказ,280600
110399988,Заказ,83000
110400369,Заказ,372444
110400676,Заказ,326000
110414163,Заказ,102000
110415719,Заказ,120000
110423226,Возврат/Закупка,-493.72
110425294,Заказ,917518.06
110425482,Заказ,331261.34
110430052,Заказ,370500
110431428,Заказ,600001
110431641,Заказ,600001
110431886,Заказ,600001
110440725,Заказ,2546810
110442107,Заказ,5917078.79
110449807,Заказ,240000
110450319,Заказ,1883.12
110460733,Заказ,555000
110468840,Заказ,100000
110469637,Заказ,100000
110469938,Заказ,100000
110470607,Заказ,447323
110472266,Заказ,291000
110472303,Заказ,291000
110472304,Заказ,291000
110472305,Заказ,291000
110478515,Заказ,523.28
110481066,Заказ,3560000
110500679,Заказ,17248
110502828,Заказ,564600
110516018,Возврат/Закупка,-802570.43
110516182,Возврат/Закупка,-113600
110516552,Возврат/Закупка,-55670
110516878,Возврат/Закупка,-100450
110516992,Возврат/Закупка,-525000
110517558,Заказ,10000
110518177,Заказ,10000
110528708,Заказ,25555893.8
110532224,Заказ,66000000
110563734,Заказ,9369600
110565864,Заказ,296000
110565975,Заказ,296000
110565976,Заказ,296000
110580764,Заказ,80000
110592237,Заказ,515342
110612091,Заказ,401700
110613037,Заказ,300000
110635084,Возврат/Закупка,-52500
110635299,Заказ,52530
110657472,Возврат/Закупка,-2000000
110662446,Заказ,370500
110662507,Заказ,370500
110703474,Заказ,8823238
110706289,Заказ,120100
110720338,Заказ,370500
110720341,Заказ,370500
110721022,Заказ,296000
110722390,Заказ,303359.47
110723673,Возврат/Закупка,
110724426,Возврат/Закупка,-185.96
110725135,Возврат/Закупка,-1850000
110752018,Возврат/Закупка,-1850000
110753336,Заказ,10982000
110753506,Заказ,16092800
110753846,Заказ,6589200
110755221,Заказ,184000
110755333,Заказ,184000
110758094,Заказ,13500000
110766201,Заказ,12521765
110801792,Возврат/Закупка,-703500
110803095,Возврат/Закупка,-2006849.5
110803721,Возврат/Закупка,-12020256
110804385,Заказ,108.32
110805487,Возврат/Закупка,-3077360
110805789,Возврат/Закупка,-2212500
110806495,Возврат/Закупка,-880000
110807738,Заказ,130.82
110926755,Заказ,2446600
110927747,Заказ,2531201
110929336,Заказ,5500000
110929583,Заказ,6946000
110935480,Возврат/Закупка,-7546018.05
110937094,Возврат/Закупка,-1105154.58
110937172,Заказ,703500
110937626,Возврат/Закупка,-2471700
110939246,Возврат/Закупка,-2031109.96
110940803,Возврат/Закупка,-1511477.96
110942268,Возврат/Закупка,-1440807.86
110942502,Возврат/Закупка,-319125
110942559,Возврат/Закупка,-191475
110942707,Возврат/Закупка,-807754.42
110958577,Заказ,2719920
110958682,Заказ,2595072
110958842,Заказ,2595072
110977990,Заказ,87749935
111003525,Заказ,153600
111006564,Возврат/Закупка,-523.28
114124554,Возврат/Закупка,-240800
114129349,Возврат/Закупка,-2000000
114132564,Заказ,26063060
114133288,Заказ,2810826
114133479,Заказ,127650
114133887,Заказ,63825
114135268,Возврат/Закупка,-2033
114163517,Заказ,309448.48
114194581,Заказ,711000
114194583,Заказ,606000
114244698,Возврат/Закупка,-734745.74
114244823,Возврат/Закупка,-622832
114244873,Возврат/Закупка,-1155000
114245218,Возврат/Закупка,-614256.66
114251837,Заказ,78500
114284848,Заказ,368250
114285406,Заказ,368250
114296490,Заказ,436500
114296545,Заказ,436500
114319180,Заказ,1600000
114319836,Заказ,1224000
114341614,Заказ,89065945.9
114344814,Заказ,431115.54
114344829,Заказ,397812.76
114344830,Заказ,306810.36
114345786,Заказ,9228955.03
114354792,Заказ,611000
114357030,Заказ,73088105
114363889,Заказ,39250
114364145,Заказ,39250
114369142,Заказ,397700
114372065,Заказ,1994940
114372352,Заказ,14069048
114382331,Заказ,132000
114386528,Заказ,659000
114391817,Заказ,1574.4
114391823,Заказ,390.4
114395376,Заказ,740916.4
114395447,Заказ,740916.4
114395448,Заказ,740916.4
114395449,Заказ,740916.4
114405725,Заказ,8127000
114407656,Заказ,54825000
114410860,Заказ,968240
114429256,Заказ,607100
114429262,Заказ,460100
114429263,Заказ,431000
114429264,Заказ,460100
114429265,Заказ,460100
114429313,Заказ,704820
114440510,Заказ,12380920
114503806,Возврат/Закупка,-2
114503855,Возврат/Закупка,-1
114558115,Возврат/Закупка,-52480000
114559475,Заказ,52480000
114587706,Возврат/Закупка,-184000
114587745,Возврат/Закупка,-296000
114588019,Заказ,480000
114610574,Заказ,2422000
114621341,Заказ,4449817.12
114621384,Заказ,3056868.08
114621385,Заказ,3056868.08
114621386,Заказ,3919048
114621388,Заказ,3659082.56
114629916,Заказ,3311960.8
114632533,Заказ,755966.56
114633932,Заказ,681874.92
114633934,Заказ,931424.92
114634976,Заказ,504153.34
114646739,Заказ,1132000
114654701,Заказ,8000
114654741,Заказ,22000
114682940,Заказ,4494988.75
114684934,Возврат/Закупка,-3817047.75
114687452,Заказ,414412824
114693911,Заказ,30000
114694210,Заказ,12456248
114694247,Заказ,9964998.4
114695797,Возврат/Закупка,-7100866.71
114695923,Возврат/Закупка,-75600
114696382,Возврат/Закупка,-568796.6
114696532,Возврат/Закупка,-460769.1
114700876,Заказ,380000
114718256,Возврат/Закупка,-3311960.8
114721357,Заказ,10697283
114722342,Заказ,1
114722654,Заказ,3
114742942,Возврат/Закупка,-33280000
114765468,Заказ,1
114765541,Заказ,1
114803508,Заказ,147000
114803553,Заказ,66000
114803554,Заказ,47000
114804414,Заказ,47000
114804415,Заказ,47000
114804416,Заказ,33000
114804417,Заказ,66000
114804418,Заказ,147000
114804478,Возврат/Закупка,-3780000
114810289,Заказ,156000
114810293,Заказ,14000
114815011,Заказ,433800
114815016,Заказ,1211100
114815234,Заказ,16273.6
114848452,Заказ,1402.98
114868481,Заказ,159000
114870849,Возврат/Закупка,-137400
114870913,Заказ,137400
114871104,Возврат/Закупка,-1229760
114871255,Возврат/Закупка,-319200
114871361,Возврат/Закупка,-421515
114872200,Возврат/Закупка,-619269.9
114873113,Возврат/Закупка,-137400
114873134,Возврат/Закупка,-159000
114873339,Заказ,1874880
114903919,Заказ,549874.92
114904100,Заказ,549874.92
114904101,Заказ,623966.56
114906064,Заказ,2000000
114906589,Заказ,454983.28
114906590,Заказ,592383.28
114906591,Заказ,581983.28
114906844,Заказ,703183.28
114910590,Возврат/Закупка,-185000
114914976,Заказ,114000
114915030,Заказ,28000
114915031,Заказ,14000
114915032,Заказ,14000
114929481,Заказ,39250
114929494,Заказ,39250
114949084,Возврат/Закупка,-2000000
115021919,Возврат/Закупка,-39250
115021926,Заказ,39250
115022019,Возврат/Закупка,-549874.95
115022021,Заказ,549874.92
115022562,Заказ,670886.92
115023725,Заказ,670886.92
115032295,Заказ,4421.93
115045975,Заказ,96553913.53
115049500,Заказ,380888.12
115076607,Заказ,780166.4
115076626,Заказ,780166.4
115080794,Заказ,21575186.65
115081683,Заказ,424002.75
115111855,Заказ,12380.77
115115428,Заказ,8473298
115116705,Заказ,10852800
115120509,Заказ,9300900
115143369,Заказ,533486.92
115154583,Заказ,1527355
115158225,Заказ,5053089.17
115188304,Заказ,52000
115188461,Заказ,122000
115207744,Заказ,45201882.24
115253775,Заказ,335650
115253816,Заказ,198250
115254514,Заказ,60000
115258292,Заказ,108.32
115264518,Заказ,645000
115303508,Заказ,14047299.56
115305277,Заказ,4461910.48
115305690,Заказ,10578198.05
115306667,Заказ,13548618.18
115317080,Заказ,1961633.7
115380770,Заказ,1900000
115390989,Заказ,1487966.44
115479716,Возврат/Закупка,-1245.92
115482067,Заказ,397
115484631,Заказ,9964998.4
115526591,Заказ,40137600
115532142,Заказ,1850000
115568798,Заказ,4080000
115570476,Заказ,12456248
115588901,Заказ,510000
115614461,Возврат/Закупка,-740916.5
115614481,Возврат/Закупка,-740916.5
115614528,Заказ,3700000
115646360,Заказ,329000
115682256,Возврат/Закупка,-52480000
115690367,Возврат/Закупка,-1494750
115693710,Заказ,40601000
115696542,Заказ,211970
115696872,Заказ,440010
115709019,Заказ,1931365.2
115726043,Заказ,400000
115732171,Возврат/Закупка,-3700000
115734388,Заказ,323000
115740019,Заказ,115200
115742732,Возврат/Закупка,-1020000
115743264,Заказ,75138535
115745871,Заказ,1026475.02
115771131,Заказ,1560840
115772207,Возврат/Закупка,-2
115789667,Заказ,52480000
115793351,Заказ,219600
115796011,Заказ,89600
115803004,Заказ,6908000
115803018,Заказ,390.4
115803739,Заказ,78.4
115803928,Заказ,119.06
115804308,Заказ,2419.2
115812988,Заказ,1950000
115813399,Заказ,2584700
115824780,Возврат/Закупка,-120.88
115824969,Возврат/Закупка,-130.82
115825224,Возврат/Закупка,-309.05
115825632,Возврат/Закупка,-130.82
115825782,Возврат/Закупка,-58.73
115825927,Возврат/Закупка,-65.6
115826117,Возврат/Закупка,-101.43
115826256,Возврат/Закупка,-79.41
115826555,Возврат/Закупка,-116.04
115826588,Возврат/Закупка,-58.73
115827034,Возврат/Закупка,-109.72
115835594,Возврат/Закупка,-1080451.08
115835826,Возврат/Закупка,-103200
115869124,Заказ,1675768.64
115870054,Заказ,120000
115874438,Заказ,4787910.4
115944357,Заказ,13200000
115977666,Заказ,160000
115978653,Заказ,253701
115979157,Заказ,7863958.8
115983990,Заказ,531770
115991658,Заказ,11571429
115992274,Заказ,2871985.44
115992466,Заказ,448185
115994476,Возврат/Закупка,-3432090.84
115995141,Заказ,8
115996763,Заказ,9079000
115999638,Заказ,3018000
115999960,Заказ,68
116001070,Заказ,3700000
116001387,Заказ,1850000
116003013,Возврат/Закупка,-2287379.02
116005223,Заказ,350.31
116005453,Заказ,7100000
116005458,Заказ,233.6
116007082,Возврат/Закупка,-8179327.85
116020418,Заказ,2360000
116020754,Возврат/Закупка,-4091354.12
116021396,Возврат/Закупка,-1180710
116022822,Возврат/Закупка,-4002051.66
116023399,Возврат/Закупка,-1180710
116023697,Возврат/Закупка,-712712
116023836,Возврат/Закупка,-231168
116023961,Возврат/Закупка,-348992
116024905,Заказ,602975.3
116024949,Заказ,602975.3
116026988,Возврат/Закупка,-2360000
116027057,Возврат/Закупка,-195105
116040667,Заказ,38362.5
116044322,Заказ,1490233
116051735,Заказ,475526
116051736,Заказ,472250
116054169,Заказ,4065000
116057163,Заказ,650000
116061274,Заказ,275800
116068609,Заказ,3273000
116077618,Заказ,5620077
116106954,Заказ,30957024.24
116107307,Заказ,350000
116109565,Заказ,497877.2
116111471,Заказ,8678290
116115663,Заказ,4151196
116115864,Возврат/Закупка,-160000
116116058,Возврат/Закупка,-975525
116116349,Возврат/Закупка,-1950000
116116446,Возврат/Закупка,-219600
116119338,Возврат/Закупка,-138000
116124107,Заказ,35000
116124110,Заказ,35000
116135643,Заказ,87466365
116145061,Заказ,4693000
116148920,Заказ,1850000
116149373,Заказ,10595191.92
116153506,Возврат/Закупка,-819748.84
116153596,Возврат/Закупка,-941446.96
116153904,Возврат/Закупка,-135700
116162855,Заказ,784000
116163164,Заказ,590000
116163857,Заказ,175000
116164630,Заказ,730000
116164871,Заказ,635000
116166004,Заказ,509000
116167097,Заказ,600001
116168784,Заказ,410000
116169533,Заказ,298000
116169638,Заказ,603186.96
116170946,Заказ,500000
116171882,Заказ,429000
116172416,Заказ,268976
116173521,Возврат/Закупка,-2000000
116173642,Заказ,2000000
116175195,Заказ,2510000
116175242,Возврат/Закупка,-2000000
116175659,Заказ,137000
116175736,Заказ,63000
116212907,Заказ,844214.59
116214754,Заказ,10802000
116221544,Заказ,742187.31
116225864,Заказ,1406000
116239921,Заказ,281600
116240254,Заказ,268800
116252864,Заказ,380000
116284987,Заказ,1127680.91
116285026,Заказ,844480.92
116285414,Заказ,858280.91
116321092,Заказ,3317011.6
116336364,Заказ,2237.48
116338489,Заказ,7142185.6
116338633,Заказ,4490186.4
116338705,Заказ,3023871.2
116339971,Заказ,2498205960
116340102,Заказ,1485419760
116341200,Заказ,416000
116394921,Возврат/Закупка,-70000
116395006,Возврат/Закупка,-889099.8
116395091,Возврат/Закупка,-622812.5
116395277,Возврат/Закупка,-92304
116395778,Заказ,127065.6
116401745,Заказ,1172.8
116404559,Заказ,290800
116404849,Заказ,337200
116408362,Заказ,946829.04
116414590,Заказ,187291.9
116454186,Заказ,1607457
116482665,Заказ,205648.9
116506657,Заказ,358057.15
116506658,Заказ,355562.1
116528397,Заказ,27500
116539164,Заказ,223000
116561636,Заказ,61000
116595146,Заказ,4250524.53
116595998,Заказ,1
116641596,Заказ,135250
116723115,Заказ,134640
116741354,Заказ,600000
116741605,Заказ,600000
116741606,Заказ,600000
116741607,Заказ,600000
116741910,Заказ,1436298.56
116766995,Заказ,919111.73
116766997,Заказ,770925.7
116787026,Заказ,238000
116788053,Заказ,69000
116790719,Возврат/Закупка,-919111.71
116790817,Заказ,919111.71
116800230,Возврат/Закупка,-9216000
116800953,Возврат/Закупка,-52480000
116807569,Заказ,328800
116808720,Заказ,824968.23
116808771,Заказ,734876.58
116822465,Заказ,2300000
116847081,Возврат/Закупка,-2681204.21
116848111,Возврат/Закупка,-1671694.9
116848309,Возврат/Закупка,-934218.75
116848464,Возврат/Закупка,-331317
116849627,Возврат/Закупка,-555000
116850380,Возврат/Закупка,-2007738.08
116850518,Возврат/Закупка,-370000
116850678,Возврат/Закупка,-1170013.87
116850873,Возврат/Закупка,-672637.5
116851198,Возврат/Закупка,-74655
116854219,Заказ,70000
116856381,Возврат/Закупка,-2976586.05
116856465,Возврат/Закупка,-181251
116857340,Возврат/Закупка,-1071237.5
116857592,Возврат/Закупка,-1838509.65
116857717,Возврат/Закупка,-555000
116859206,Возврат/Закупка,-1619051.2
116859301,Возврат/Закупка,-80640
116859433,Возврат/Закупка,-370000
116859714,Возврат/Закупка,-1003037.41
116860542,Возврат/Закупка,-1058781.25
116861268,Возврат/Закупка,-1518940.64
116861388,Возврат/Закупка,-337966.2
116861541,Возврат/Закупка,-835472.24
116862785,Возврат/Закупка,-8954.4
116863627,Возврат/Закупка,-8954.4
116863736,Возврат/Закупка,-83328
116863803,Возврат/Закупка,-324.65
116863896,Возврат/Закупка,-2491.25
116864220,Возврат/Закупка,-3783.9
116865963,Заказ,154046.61
116875055,Заказ,287200
116890814,Заказ,2913850
116894511,Заказ,5659000
116895704,Заказ,2121100
116896258,Заказ,1001300
116896954,Заказ,1546825
116897500,Заказ,2306525
116898014,Заказ,1253900
116899478,Заказ,238000
120259398,Заказ,1306000
120269228,Заказ,360600
120273251,Заказ,57500
120273399,Заказ,160000
120273501,Заказ,276000
120316494,Заказ,8310000
120394339,Заказ,195000
120398144,Заказ,10930839.18
120465971,Заказ,5554433.95
120515107,Заказ,29600198.5
120531412,Заказ,202000
120532860,Заказ,1110200
120534056,Заказ,465069
120543751,Заказ,8246.93
120551725,Заказ,9714745.6
120564611,Заказ,1474278.4
120566294,Заказ,13278000
120587247,Заказ,2
120614819,Заказ,1032875.46
120614918,Заказ,899947.63
120615843,Заказ,893651.53
120622093,Заказ,150000
120622316,Заказ,75000
120622492,Заказ,75000
120627668,Возврат/Закупка,-145000
120629413,Заказ,1024049.09
120629691,Заказ,1024049.09
120675352,Заказ,64000
120682534,Заказ,10080000
120683848,Заказ,1322000
120684258,Заказ,422400
120686533,Возврат/Закупка,-515997.3
120686543,Возврат/Закупка,-515997.3
120696611,Заказ,2051607.54
120703717,Заказ,4081278.85
120705955,Заказ,38000
120759052,Заказ,8184000
120801723,Заказ,1414851.86
120808781,Заказ,4180523.02
120815277,Возврат/Закупка,-1849072.96
120815634,Возврат/Закупка,-493999.63
120815860,Возврат/Закупка,-394260
120816225,Возврат/Закупка,-95870936
120816422,Возврат/Закупка,-8270245.05
120816523,Возврат/Закупка,-407500
120816648,Возврат/Закупка,-217120
120816763,Возврат/Закупка,-23100
120817573,Возврат/Закупка,-4116378.41
120817984,Возврат/Закупка,-1031994.6
120818145,Возврат/Закупка,-70000
120819348,Возврат/Закупка,-378055.6
120820015,Возврат/Закупка,-525483.4
120820215,Возврат/Закупка,-62400
120821585,Возврат/Закупка,-315655.6
120846032,Возврат/Закупка,-589711.2
120855162,Заказ,55000
120889183,Заказ,85686.3
120903771,Заказ,2726400
120911606,Заказ,140000
120911684,Заказ,560000
121202089,Заказ,396800
121218557,Возврат/Закупка,-36
121218911,Заказ,36
121256406,Заказ,145000
121300126,Заказ,1635.2
121300343,Заказ,1633.6
121300583,Заказ,1332000
121308321,Заказ,411.2
121311520,Заказ,631.68
121407762,Заказ,408
121414242,Возврат/Закупка,-246.86
121558990,Заказ,3284166.8
121581119,Заказ,182884.06
121664450,Заказ,5202000
121697081,Заказ,276000
121697082,Заказ,1310000
121746878,Заказ,387142.4
121807222,Заказ,4394306.5
121867576,Возврат/Закупка,-3205.02
121887321,Заказ,364291.2
121967043,Заказ,32000
121969004,Заказ,941000
122016879,Заказ,13380000
122037603,Заказ,66422.5
122073247,Заказ,53443.5
122158907,Возврат/Закупка,-116.04
122184194,Заказ,2554656.28
122184622,Заказ,9010802.29
122192551,Заказ,89841920
122192818,Возврат/Закупка,-2822400
122193002,Возврат/Закупка,-167191
122193098,Возврат/Закупка,-2428686
122193374,Возврат/Закупка,-30000
122194037,Возврат/Закупка,-53922
122206905,Заказ,50000
122209004,Возврат/Закупка,-2
122212234,Возврат/Закупка,-2700000
122223231,Заказ,17534947.5
122223246,Заказ,4202912
122318391,Заказ,3250000
122318811,Заказ,103410936
122341636,Заказ,444161.85
122342543,Заказ,241000
122351913,Заказ,534311.01
122359294,Заказ,362888.12
122403634,Заказ,5424000
122412273,Заказ,3279.08
122412431,Заказ,3337.6
122439288,Возврат/Закупка,-82097
122439724,Возврат/Закупка,-1396494.45
122439817,Возврат/Закупка,-120000
122456150,Заказ,10934079.13
122535987,Заказ,714467.49
122548564,Заказ,904621.45
122585790,Заказ,2942000
122612296,Заказ,48590
122683295,Заказ,399.56
122739519,Заказ,1000
122742864,Заказ,8322378.4
122957013,Заказ,737139
122980354,Заказ,1672000
123000135,Заказ,599.48
123063125,Возврат/Закупка,-180811.54
123063231,Возврат/Закупка,-6838
123063832,Возврат/Закупка,-241579.32
123064475,Заказ,
123064709,Возврат/Закупка,-1528231.15
123066788,Заказ,7722161.66
123181647,Заказ,1150
123215367,Заказ,142240
123218645,Заказ,609698
123241278,Заказ,2590896
123243526,Возврат/Закупка,-142240
123262033,Заказ,450950
123262838,Заказ,5980000
123263040,Заказ,30043650
123266383,Заказ,1170480
123308178,Заказ,487968.96
123308899,Заказ,2360000
123310393,Заказ,27948.22
123359254,Заказ,15000
123363912,Заказ,2520
123375166,Заказ,18894224.72
123375537,Заказ,173000
123564614,Заказ,57482449.6
123603288,Заказ,162940
123639239,Заказ,14245000
123796198,Заказ,15435520.67
123799376,Заказ,7027200
123823071,Заказ,5030678.7
123845123,Возврат/Закупка,-1000
123845154,Возврат/Закупка,-1150
124162227,Заказ,3066587.21
125096866,Заказ,105670369.76
125099656,Заказ,101557413.92
125640994,Заказ,1047258.96
126052026,Заказ,2451403.27
126133911,Заказ,1942500
126203807,Заказ,166000
126218752,Заказ,543210
126263704,Заказ,86300
126364637,Заказ,416
126364652,Заказ,5226000
126367624,Заказ,2378.07
126368167,Заказ,630530.3
126830324,Возврат/Закупка,-54800
126906435,Заказ,1890204.77
126908769,Заказ,7000
126917964,Заказ,3097214
127103416,Возврат/Закупка,-2000000
127134056,Заказ,501107.9
127605429,Заказ,320605
127625849,Возврат/Закупка,-499094.25
127627196,Возврат/Закупка,-1199948.87
127627800,Возврат/Закупка,-400310.4
127628664,Возврат/Закупка,-667184
127630563,Возврат/Закупка,-722000
127631265,Возврат/Закупка,-95055.03
127634368,Возврат/Закупка,-249920
127639700,Возврат/Закупка,-38000
127673773,Заказ,185803.9
127676735,Заказ,12870000
127739115,Заказ,59208531.36
127759029,Заказ,1762331.9
127761230,Заказ,180861.08
127792204,Заказ,4754158.14
127799429,Заказ,5665675.24
127800194,Заказ,141927
127819225,Заказ,2510000
127821199,Заказ,21552849.1
127883568,Заказ,126741243
127884025,Заказ,718071.2
127909537,Заказ,706608
128008294,Заказ,5406000
128110358,Заказ,600000
128117753,Возврат/Закупка,-62656.2
128117914,Возврат/Закупка,-809747.2
128118383,Возврат/Закупка,-1653005.8
128118536,Возврат/Закупка,-125343.9
128119586,Возврат/Закупка,-340000
128119677,Возврат/Закупка,-87360
128119948,Возврат/Закупка,-420094.09
128120990,Заказ,431469
128168888,Возврат/Закупка,-5665675.24
128212934,Заказ,934248
128247272,Заказ,297956.6
128249450,Возврат/Закупка,-1507449.22
128251061,Возврат/Закупка,-1040508.24
128251593,Возврат/Закупка,-1274348
128252182,Возврат/Закупка,-1472844
128253348,Возврат/Закупка,-909700
128265617,Возврат/Закупка,-193424
128268930,Заказ,1012734.99
128269882,Заказ,1675811.05
128271079,Возврат/Закупка,-53796.6
128271297,Возврат/Закупка,-42500
128272747,Заказ,102100
128300793,Заказ,334.4
128302359,Заказ,2429937.25
128447200,Заказ,370000
128547145,Возврат/Закупка,-2000000
128554787,Заказ,7243432.54
128579023,Заказ,1500000
128601150,Заказ,737909.58
128637503,Заказ,2281471.25
129590325,Заказ,31200
129734010,Возврат/Закупка,
129783449,Заказ,9725976.96
129783626,Заказ,17062080
130352724,Заказ,1774174.6
130810051,Возврат/Закупка,-88550
130810827,Заказ,14560
130811315,Возврат/Закупка,-447440
130871350,Заказ,10626253.64
130872045,Заказ,65676
130902622,Заказ,745.6
131138460,Заказ,325537.69
131142636,Заказ,52000
131146330,Заказ,452208.01
131160545,Заказ,233000
131193058,Заказ,78000
131244156,Заказ,282000
131412135,Заказ,21621.04
131431712,Заказ,120000
131491891,Заказ,920847.44
131505568,Возврат/Закупка,-600000
131506321,Возврат/Закупка,-431469
131516439,Возврат/Закупка,-934248
131539456,Заказ,5356000
131546985,Заказ,749195.27
131551388,Заказ,210088575.38
131717378,Заказ,5864965.04
131718464,Заказ,26460
131718860,Заказ,1438073.46
132284940,Заказ,550000
132329320,Заказ,170000
132401105,Заказ,873059.8
132401434,Заказ,632000
132402104,Заказ,33376
132403199,Заказ,780000
132403317,Заказ,2462695.15
132407469,Заказ,15015570.52
132408879,Заказ,31200
132410071,Заказ,5000
132410866,Заказ,386070.52
132411153,Заказ,1563536.83
132416318,Заказ,1368094.73
132417137,Заказ,41600
132448110,Заказ,2508840
132450375,Заказ,280000
132451163,Заказ,170000
132458758,Заказ,32952920
132843026,Заказ,50000
132875251,Заказ,66125
133054090,Возврат/Закупка,-886773.22
133419533,Заказ,614339.2
133437035,Заказ,179000
133441475,Заказ,1430000
133451554,Заказ,1252000
133460232,Заказ,863000
133462095,Заказ,1052000
133572680,Заказ,1544887.81
133621343,Заказ,600180
133630474,Заказ,77802120
134207704,Возврат/Закупка,-3296187.7
134210534,Возврат/Закупка,-119942
134212624,Возврат/Закупка,-912654.69
134214147,Возврат/Закупка,-44541.5
134214997,Возврат/Закупка,-13125
134222221,Заказ,3665020.12
134232411,Заказ,38766000
134236378,Заказ,1487517.4
134297623,Заказ,78400000
134303358,Заказ,12350000
134723251,Заказ,130966
134830802,Заказ,11986780
134944661,Заказ,450769.3
134959395,Заказ,748846
135415702,Заказ,3368.4
135416269,Заказ,3194.8
135416793,Возврат/Закупка,-1920016
135418236,Возврат/Закупка,-467087.4
135456193,Заказ,37089435.08
136392622,Заказ,63082799.81
136406877,Заказ,32544640.8
136438444,Заказ,6714716.88
136439667,Заказ,5688417.02
136444643,Заказ,167414670
136469485,Заказ,1733000
136471403,Заказ,17406787.45
136471950,Заказ,15000
136473030,Заказ,5216000
136473447,Заказ,76315521
136557373,Заказ,31104406.6
136586525,Заказ,426.72
136592121,Заказ,304212.8
136623127,Заказ,6737419.53
136626653,Заказ,155604240
136818910,Заказ,54714755.18
136828470,Заказ,33759540
136839792,Заказ,833371.2
136848031,Заказ,627000
136885845,Заказ,2692000
136892221,Заказ,2682818.56
136918541,Заказ,2666.27
136928670,Заказ,169000
136932329,Возврат/Закупка,-718071.2
136932352,Возврат/Закупка,-370000
137221678,Заказ,31000
137221903,Заказ,79000
137309662,Заказ,396825.54
137357344,Заказ,961836
137393596,Заказ,43628437.8
137450037,Заказ,90000
137458301,Заказ,19315758.08
137473037,Заказ,294812.5
137478648,Заказ,182145600
137478784,Заказ,5714818.37
137495534,Заказ,48800
138713034,Возврат/Закупка,-468628.2
138715002,Возврат/Закупка,-194100
138751861,Заказ,64000
138753400,Заказ,563000
138870661,Заказ,30578676.7
138949563,Заказ,7784400
139437272,Заказ,5370000
139454237,Заказ,75000
139456314,Заказ,5138616
139509856,Заказ,4857216
139825461,Заказ,240000
139841861,Заказ,9710400
139844219,Заказ,1615500
139844553,Заказ,64980000
139856116,Заказ,1651.2
140098445,Заказ,407730.93
140336572,Возврат/Закупка,-28470935
140337093,Возврат/Закупка,-143000
140360435,Заказ,4640751.97
140393601,Заказ,9437620.01
140394802,Заказ,38363690.4
140396897,Заказ,39375504
140463554,Заказ,3900000
140469578,Заказ,469540.98
140472794,Заказ,82500
140472906,Заказ,112000
140476438,Заказ,9695000
140500619,Заказ,4303421.3
140668852,Заказ,400000
140669811,Заказ,3217500
140715102,Заказ,9653930.32
140953950,Возврат/Закупка,-325962.9
140971713,Заказ,1513610
141027565,Заказ,131000
141028191,Заказ,210000
141073945,Заказ,2367245.2
141079769,Заказ,2207800
141494944,Возврат/Закупка,-14446037
141497447,Возврат/Закупка,-243651.12
141500301,Возврат/Закупка,-3965192
141502918,Заказ,8322878.78
141809818,Заказ,200000
141831539,Заказ,13595075.31
141873648,Заказ,50300432
141892794,Заказ,37847500
141902596,Заказ,10360000
141905221,Заказ,47094566.4
142161723,Возврат/Закупка,-35082
142177971,Заказ,35000
142399397,Заказ,2711516
142414212,Заказ,98000
142691108,Заказ,130000
143105949,Заказ,980535.55
143125928,Заказ,23130406.4
143131838,Заказ,739280
143166506,Заказ,88684825.6
143166931,Заказ,20011565.2
143193209,Заказ,250000
143193282,Заказ,584000
143193362,Заказ,32175360
143243384,Заказ,9443313.9
143333108,Заказ,277788
143355548,Заказ,2299476.5
143485042,Заказ,1410000
143573318,Заказ,190000
143578796,Заказ,5350000
143620971,Заказ,121133740
143648983,Заказ,46207111.58
143651861,Заказ,101491198
143755192,Заказ,1822000
143798977,Заказ,98423786.6
143799505,Заказ,215187874
143819433,Возврат/Закупка,-33759540
143944269,Заказ,515000
143964272,Заказ,19500000
143967744,Заказ,29690753.56
144006925,Заказ,3932548.89
144031825,Заказ,31355461.9
144032381,Заказ,6279000
144121022,Заказ,42835024.99
144183778,Возврат/Закупка,-44360000
144185191,Заказ,67519080
144434164,Заказ,1057470
144434485,Заказ,46.67
144436245,Заказ,26051610
144440416,Заказ,970000
144445343,Заказ,8519294
144467806,Заказ,4423030.83
144468201,Заказ,1650000000
144496399,Заказ,320621.95
144498049,Заказ,619295.04
144502941,Возврат/Закупка,-1583916
144503592,Возврат/Закупка,-776867.88
144504005,Возврат/Закупка,-501492
144504343,Возврат/Закупка,-1474576
144504743,Возврат/Закупка,-244921
144551940,Заказ,7368668.75
144586265,Заказ,22926755.4
144586711,Заказ,974451.02
144588350,Возврат/Закупка,-675
144594958,Заказ,11029000
144634474,Возврат/Закупка,-1141231.6
144669146,Заказ,2510000
144669331,Заказ,5015988.79
144670549,Заказ,2427055.8
144762215,Заказ,240000
144767188,Заказ,1191500
144769207,Заказ,630000
144770462,Заказ,145000
144770502,Заказ,149000
144772978,Заказ,210000
144779717,Заказ,33765980.2
144780454,Заказ,523000
144786302,Заказ,769500
144793567,Заказ,395000
144794272,Заказ,1517500
144808122,Заказ,8204779.67
144811117,Заказ,100000
144861274,Заказ,54545400
144876145,Заказ,200000
144968693,Заказ,185730196
144973190,Заказ,5454000
145034879,Заказ,28105350
145035198,Заказ,11050000
145037955,Заказ,3804507.2
145065049,Возврат/Закупка,-6120000
145065219,Заказ,15525000
145069917,Возврат/Закупка,-91500
145070557,Возврат/Закупка,-2666247.64
145070743,Возврат/Закупка,-528937.5
145074083,Заказ,1010000
145075390,Заказ,6249900
145094512,Заказ,2588.88
145094672,Заказ,1244.6
145094892,Заказ,2219
145111491,Заказ,2177332.8
145121700,Заказ,279957000
145122344,Возврат/Закупка,-1944877.53
145122542,Возврат/Закупка,-299697.28
145134245,Заказ,780000
145137737,Заказ,286000
145300483,Возврат/Закупка,-84500
145300704,Возврат/Закупка,-55800
145357093,Возврат/Закупка,-54507.2
145363730,Заказ,150000
145691565,Заказ,18401928.43
145719291,Заказ,650694.24
145729477,Заказ,111000
145732065,Заказ,949182.58
145733546,Заказ,417741.8
145769302,Заказ,532000
145770630,Заказ,141100
145991538,Заказ,762009.2
145999915,Возврат/Закупка,-1141347.34
146000101,Возврат/Закупка,-54000
146009268,Заказ,12000
146031039,Заказ,38001
146031345,Заказ,191366980
146031575,Заказ,191366980
146116867,Заказ,184000
146124081,Заказ,6938289
146156015,Заказ,1740066
146181563,Заказ,18200000
146202662,Заказ,10194125
146287572,Заказ,24399300
146287686,Заказ,96000
146287871,Заказ,238000
146288445,Возврат/Закупка,-33280000
146288709,Возврат/Закупка,-6120000
146326262,Возврат/Закупка,-716394.18
146326453,Возврат/Закупка,-118686.04
146327223,Возврат/Закупка,-407730.2
146327307,Возврат/Закупка,-780000
146327434,Возврат/Закупка,-171000
146327550,Возврат/Закупка,-889159.41
146327609,Возврат/Закупка,-308834.4
146327655,Возврат/Закупка,-9369600
146327782,Возврат/Закупка,-35000
146355488,Заказ,670757.16
146360883,Заказ,138000
146361190,Заказ,332716.8
146403198,Заказ,1350000
146735982,Заказ,793863.73
146736352,Заказ,1072163.73
146769459,Заказ,184740
146773069,Заказ,1445052
146783340,Заказ,1348122.01
146793406,Заказ,108000
146793508,Заказ,42000
146794845,Заказ,4250525
147737461,Заказ,17019242
147738350,Заказ,62400
147738471,Возврат/Закупка,-96723.2
147769293,Заказ,1542615.2
147781839,Заказ,639675
147858503,Заказ,1652644
147881931,Заказ,20071983.72
147882856,Заказ,1722344.56
147901850,Заказ,442226.1
147903548,Заказ,545622
147973456,Заказ,115000450
147973876,Заказ,475800
147991173,Заказ,39178944
147992046,Заказ,47822846
148328313,Заказ,919024.8
149269443,Заказ,235424
149804852,Заказ,4810040
149805836,Заказ,1334171.7
149811118,Заказ,127260
149869857,Заказ,9691500
150422130,Заказ,51181983.05
150422318,Заказ,20841721.56
150423834,Заказ,166770
150618909,Заказ,8442260.4
152746770,Возврат/Закупка,-528000000
152748545,Возврат/Закупка,-67519080
152751666,Возврат/Закупка,-8439885
152760856,Заказ,6750000
152893505,Заказ,63394338
152897248,Заказ,3350000
152944653,Заказ,77000000
152988766,Заказ,25818240
153002706,Заказ,100000
153022435,Заказ,603958965
153532070,Заказ,189333.3
153619026,Заказ,93440
154558492,Заказ,4950384.18
154575286,Заказ,1364860
154612319,Заказ,2150400
155181663,Возврат/Закупка,-189333.3
155187797,Заказ,189333.3
159372984,Заказ,4693505.03
160748351,Заказ,10417367
160806966,Заказ,13285587.15
160886630,Заказ,30000
160895274,Заказ,300000
160965231,Заказ,436800
160979326,Возврат/Закупка,-16980006.5
160979408,Возврат/Закупка,-32175360
160980090,Возврат/Закупка,-15525000
160989276,Заказ,652000
160991849,Заказ,16087680
161101302,Возврат/Закупка,-185536
161120243,Заказ,73449600
161133429,Заказ,27210400
162251340,Заказ,18481413.1
162448730,Заказ,1389443.63
162497802,Заказ,2640000
162512431,Заказ,1032000
162541634,Возврат/Закупка,-5452437.7
162541712,Возврат/Закупка,
162541774,Возврат/Закупка,-52540
162547842,Возврат/Закупка,-2375432.8
162548049,Возврат/Закупка,-452000
162549835,Возврат/Закупка,-444549.9
162549881,Возврат/Закупка,-27500
162555790,Заказ,8804460.4
162555865,Заказ,78000
162561703,Возврат/Закупка,-295680
162587175,Заказ,295680
163421129,Заказ,102030
163428096,Заказ,1300600
163448614,Возврат/Закупка,-15600
163450544,Возврат/Закупка,-869400
163472055,Заказ,1259673.99
163823989,Заказ,9184
165132463,Заказ,65000
165136682,Заказ,680
165221083,Заказ,450319.78
165232538,Заказ,22180000
165325242,Заказ,95870936
165327398,Заказ,6240000
165332025,Возврат/Закупка,-191366980
165333602,Возврат/Закупка,-191366980
166141156,Заказ,733781.4
166250148,Заказ,2311.05
166284486,Заказ,1
166284508,Заказ,1
166340475,Возврат/Закупка,-138962
166341906,Возврат/Закупка,-169344
166347041,Возврат/Закупка,-284060.4
166352404,Возврат/Закупка,-24794
166438613,Заказ,88000
166488086,Заказ,95870936
166492259,Заказ,48250
166502017,Заказ,103000
166505603,Заказ,20900000
167279686,Заказ,867050.02
167366424,Заказ,1
167368404,Заказ,10653420
167370771,Возврат/Закупка,
167573545,Заказ,60570853
167632597,Возврат/Закупка,
167634142,Возврат/Закупка,
170946518,Заказ,40827588.83
171067916,Заказ,1593320.51
171368970,Заказ,687925
171615154,Заказ,23125703.09
172523379,Заказ,24595200
172710625,Заказ,39382200
172711341,Заказ,42471000
172725463,Заказ,95870936
172790832,Заказ,500000
172838449,Заказ,2563786
172970288,Заказ,278849.6
172980371,Заказ,1609630
173011845,Заказ,25999999.76
173012050,Заказ,43000000
173033526,Заказ,250935.4
174108217,Заказ,822860
175252529,Заказ,2370000
175254890,Заказ,390000
175433661,Заказ,5710800
175592519,Заказ,5290280
176093197,Заказ,149123286.3
176095493,Заказ,65294224.93
179094979,Заказ,1255728.8
179170724,Заказ,34250532.26
179197061,Возврат/Закупка,-938845.5
179244705,Заказ,1612800
179250718,Заказ,886747344
179250916,Заказ,4032000
179273578,Заказ,73963344
179304349,Заказ,30358454.11
180083220,Заказ,4.8
180085610,Заказ,3360545
184029819,Заказ,30539503.36
184067651,Возврат/Закупка,-52480000
184067848,Возврат/Закупка,-22180000
184198446,Заказ,6000
184219061,Заказ,13633000
184227597,Заказ,440000
184295587,Возврат/Закупка,-10915800
184310321,Заказ,1932000
184312687,Заказ,652050
184312888,Заказ,362250
184313108,Заказ,120750
184313226,Заказ,3864000
184315635,Заказ,169050
184315907,Заказ,169050
184333596,Заказ,390000
184336254,Заказ,5000000
184373141,Заказ,3750000
184410570,Возврат/Закупка,-80
185065805,Заказ,10464854.4
185074241,Заказ,38614464
185091447,Заказ,30438193.8
185177206,Заказ,68000
185304251,Заказ,22186800
185350386,Заказ,1929000
185350471,Заказ,394000
185350534,Заказ,216000
185407577,Заказ,2200000
186000701,Возврат/Закупка,-49685.72
186003334,Возврат/Закупка,-478149
186048257,Заказ,709800
186056725,Возврат/Закупка,-67275000
186104525,Заказ,42346496
186132232,Заказ,67275000
186143000,Заказ,875000
186146561,Заказ,11164792.82
186207735,Заказ,147736921.52
186246549,Заказ,761280
186246666,Заказ,336268
186249838,Заказ,33182222.8
186258485,Заказ,23305528
186272380,Заказ,991.2
186288879,Заказ,37170000
186301558,Заказ,14629070
186301628,Заказ,1181600
186301673,Заказ,122000
186436676,Заказ,875000
186465728,Возврат/Закупка,-67275000
186480261,Заказ,28000000
186491684,Заказ,2428686.4
186599758,Заказ,4052467.62
186606582,Заказ,1439662
186650767,Заказ,745000
187009060,Заказ,255000
187029333,Заказ,432853.12
187175055,Заказ,8486858.44
187175107,Заказ,8446170.94
187179220,Заказ,2727200
187191132,Заказ,95764032
187692134,Заказ,1763000
187692510,Заказ,1845000
187700278,Заказ,73447818.12
187740603,Заказ,67275000
187962051,Возврат/Закупка,-541200
188209281,Заказ,1975880.48
188209665,Возврат/Закупка,-891519.31
188255475,Заказ,14932900
188260235,Заказ,956370
188368925,Заказ,12640
188368969,Заказ,12640
188472519,Заказ,2654312.04
188474735,Возврат/Закупка,-762599.5
188474940,Возврат/Закупка,-664628.35
188484048,Заказ,183157.6
188528247,Возврат/Закупка,-1578645.9
188531889,Заказ,442283.4
188929871,Заказ,81902016
188957851,Заказ,250000
188958457,Заказ,747000
188961560,Заказ,420090
188991306,Заказ,13115610
189000685,Заказ,55999.99
189030149,Заказ,380000
189040529,Возврат/Закупка,-30008480
189223737,Заказ,32693120
189237427,Заказ,1368360
189237433,Заказ,5574000
189238034,Заказ,1182.16
189258693,Заказ,23191914
189310205,Заказ,28800
189433635,Заказ,843510
189449310,Возврат/Закупка,-4472000
189452282,Заказ,4472000
189483264,Заказ,408080000.64
189485448,Заказ,800000
189498824,Заказ,2309000
189507400,Заказ,105816
189522028,Возврат/Закупка,-4900430.6
189631019,Заказ,800750
189642413,Заказ,2623513.46
189656913,Заказ,3286080
189668804,Заказ,143813600
189698491,Заказ,360000
189872711,Заказ,320000
189891192,Заказ,17600000
189939048,Заказ,60733544.98
189949712,Заказ,12831840
189951970,Заказ,203420.7
190241732,Заказ,773160
190511445,Заказ,1035000
190525052,Заказ,25665920
190616905,Заказ,6047400
190637862,Заказ,723500
190662797,Заказ,336000
190734566,Заказ,4901528
190740651,Заказ,1040000
190753830,Заказ,25649066.92
190763233,Заказ,22867600
190831258,Заказ,443999.63
190907448,Заказ,750000
190944777,Заказ,21066872.51
190945327,Возврат/Закупка,-75000
190945329,Заказ,3709500
190956158,Возврат/Закупка,-2428686
190956812,Заказ,2428686
191418736,Заказ,1449188.8
191506303,Заказ,16310848.13
191632961,Заказ,7827879.65
191633246,Заказ,2640000
191637693,Заказ,48833727.4
191642593,Заказ,3673500
191642609,Заказ,3673500
191642918,Заказ,31800
191723229,Заказ,2694000
191867389,Заказ,4608800
191973231,Заказ,602000
191973244,Возврат/Закупка,-742709880
191974666,Заказ,8445000
191975150,Заказ,6065000
191975316,Заказ,742709880
192046486,Заказ,551000
192287518,Заказ,5160000
192296024,Заказ,4565200
192352671,Заказ,11121830
192371193,Заказ,7235200
192378589,Заказ,3677179.72
192386955,Заказ,105000
192435599,Заказ,114800
192447148,Заказ,3187240
192525857,Заказ,1624
192567876,Заказ,25517494
192568801,Заказ,550000
192570363,Заказ,1550438.12
192598800,Заказ,436000
192606173,Заказ,87564000
192621570,Заказ,11409826.08
192731788,Заказ,156000
192877824,Заказ,2763873.68
192879533,Заказ,29548200
192879611,Заказ,1400000
192896706,Заказ,94100000
192907621,Заказ,9889100.24
192908405,Заказ,616000
192908759,Заказ,738000
192911486,Заказ,4050000
192913116,Заказ,27627130
192922122,Заказ,8660985.38
193014302,Заказ,27419040
193017702,Заказ,688800
193027181,Заказ,1377.6
193152922,Заказ,4661000
ИТОГО,ИТОГО,28151215805.08
